date,total_viajes,total_ecologicos,total_tradicionales,porcentaje_ecologicos,porcentaje_tradicionales,promedio_precio_ecologico,promedio_precio_tradicional,promedio_velocidad_ecologica,promedio_velocidad_tradicional
2024-08-30,4,0,4,0.0,100.0,,24.06,,0.24
2024-08-29,88211,1599,86612,1.81,98.19,24.29,24.05,0.75,0.31
2024-08-28,93261,1593,91668,1.71,98.29,24.47,23.47,0.29,0.24
2024-08-27,84401,1525,82876,1.81,98.19,23.77,23.46,0.31,0.3
2024-08-26,75182,1550,73632,2.06,97.94,23.54,23.3,0.23,0.3
2024-08-25,73906,1308,72598,1.77,98.23,23.15,23.71,0.25,0.26
2024-08-24,81401,1246,80155,1.53,98.47,23.34,22.87,0.21,0.19
2024-08-23,81010,1454,79556,1.79,98.21,22.58,23.67,0.22,0.18
2024-08-22,85129,1505,83624,1.77,98.23,22.96,23.95,0.2,0.18
2024-08-21,84466,1460,83006,1.73,98.27,22.65,23.67,0.46,0.17
2024-08-20,83141,1452,81689,1.75,98.25,22.52,23.97,0.45,0.25
2024-08-19,73009,1443,71566,1.98,98.02,22.33,24.35,0.23,0.19
2024-08-18,74228,1203,73025,1.62,98.38,22.16,23.0,0.32,0.37
2024-08-17,84827,1276,83551,1.5,98.5,23.06,22.97,0.21,0.64
2024-08-16,84255,1407,82848,1.67,98.33,22.53,23.22,0.2,0.26
2024-08-15,90977,1559,89418,1.71,98.29,22.73,23.63,0.22,0.26
2024-08-14,90204,1446,88758,1.6,98.4,21.73,23.39,0.2,0.18
2024-08-13,83236,1424,81812,1.71,98.29,22.04,23.38,0.3,0.18
2024-08-12,71190,1459,69731,2.05,97.95,21.64,23.51,0.22,0.46
2024-08-11,71266,1187,70079,1.67,98.33,23.15,24.35,0.22,0.3
2024-08-10,86988,1181,85807,1.36,98.64,22.08,22.96,0.28,0.51
2024-08-09,82594,1360,81234,1.65,98.35,21.05,23.01,0.2,0.19
2024-08-08,98530,1643,96887,1.67,98.33,21.73,23.98,0.19,0.16
2024-08-07,99203,1558,97645,1.57,98.43,22.7,24.14,0.23,0.2
2024-08-06,108588,1715,106873,1.58,98.42,21.27,23.76,0.18,0.16
2024-08-05,83479,1463,82016,1.75,98.25,22.26,23.47,0.25,0.2
2024-08-04,76139,1203,74936,1.58,98.42,21.64,23.08,0.23,0.53
2024-08-03,103348,1272,102076,1.23,98.77,22.03,23.22,0.21,0.24
2024-08-02,96588,1664,94924,1.72,98.28,21.56,23.25,0.3,0.21
2024-08-01,106087,1634,104453,1.54,98.46,21.99,23.64,0.27,0.52
2024-07-31,99773,1501,98272,1.5,98.5,22.1,23.82,0.21,0.25
2024-07-30,93868,1447,92421,1.54,98.46,22.53,23.68,0.2,0.19
2024-07-29,78183,1536,76647,1.96,98.04,21.89,23.36,0.21,0.18
2024-07-28,78577,1292,77285,1.64,98.36,22.26,23.3,0.23,0.28
2024-07-27,88044,1184,86860,1.34,98.66,22.56,22.95,0.29,0.21
2024-07-26,89095,1572,87523,1.76,98.24,22.31,23.7,0.2,0.59
2024-07-25,102635,1654,100981,1.61,98.39,23.12,24.42,0.21,0.2
2024-07-24,103694,1614,102080,1.56,98.44,22.32,23.89,0.29,0.28
2024-07-23,98863,1581,97282,1.6,98.4,21.98,23.97,0.19,0.23
2024-07-22,83816,1487,82329,1.77,98.23,21.77,23.28,0.2,0.35
2024-07-21,81935,1328,80607,1.62,98.38,22.52,23.17,0.23,0.28
2024-07-20,96034,1327,94707,1.38,98.62,21.51,22.8,0.21,0.34
2024-07-19,94614,1542,93072,1.63,98.37,22.49,23.42,0.32,1.07
2024-07-18,107896,1652,106244,1.53,98.47,22.41,24.54,0.2,0.26
2024-07-17,117512,1683,115829,1.43,98.57,22.14,24.17,0.19,0.16
2024-07-16,116556,1598,114958,1.37,98.63,22.15,24.11,0.22,0.25
2024-07-15,90307,1525,88782,1.69,98.31,21.18,23.42,0.2,0.3
2024-07-14,85245,1217,84028,1.43,98.57,22.43,22.88,0.26,0.54
2024-07-13,91513,1275,90238,1.39,98.61,22.18,22.57,0.23,0.26
2024-07-12,91732,1520,90212,1.66,98.34,21.5,23.25,0.35,0.39
2024-07-11,105917,1681,104236,1.59,98.41,21.34,23.94,0.22,0.2
2024-07-10,108601,1738,106863,1.6,98.4,22.34,23.71,0.19,0.33
2024-07-09,100046,1557,98489,1.56,98.44,22.37,23.72,0.19,0.19
2024-07-08,79946,1470,78476,1.84,98.16,21.31,23.51,0.19,0.26
2024-07-07,65079,1286,63793,1.98,98.02,22.99,23.77,0.37,0.99
2024-07-06,66654,1204,65450,1.81,98.19,22.24,23.09,0.25,0.2
2024-07-05,66658,1306,65352,1.96,98.04,21.31,23.11,0.22,0.34
2024-07-04,54993,795,54198,1.45,98.55,20.75,23.08,0.22,0.28
2024-07-03,72514,1511,71003,2.08,97.92,21.84,22.9,0.2,0.22
2024-07-02,79906,1418,78488,1.77,98.23,22.39,23.22,0.2,0.42
2024-07-01,75829,1410,74419,1.86,98.14,21.69,23.39,0.28,0.39
2024-06-30,81803,1195,80608,1.46,98.54,23.01,23.94,0.31,0.42
2024-06-29,100302,1310,98992,1.31,98.69,22.13,23.11,0.32,0.21
2024-06-28,100085,1566,98519,1.56,98.44,22.72,24.05,0.2,0.36
2024-06-27,113566,1726,111840,1.52,98.48,22.69,24.86,0.28,0.4
2024-06-26,120665,1753,118912,1.45,98.55,22.13,24.41,0.2,0.24
2024-06-25,114471,1759,112712,1.54,98.46,22.5,24.25,0.19,0.26
2024-06-24,96657,1630,95027,1.69,98.31,22.03,23.76,0.19,0.6
2024-06-23,91530,1358,90172,1.48,98.52,22.87,22.82,0.24,0.33
2024-06-22,107955,1491,106464,1.38,98.62,22.15,22.41,0.2,0.24
2024-06-21,107450,1690,105760,1.57,98.43,22.01,23.23,0.18,0.21
2024-06-20,113038,1815,111223,1.61,98.39,21.87,24.01,0.18,0.23
2024-06-19,93371,1194,92177,1.28,98.72,21.98,22.83,0.21,0.29
2024-06-18,112174,1630,110544,1.45,98.55,21.99,23.61,0.19,0.18
2024-06-17,90285,1508,88777,1.67,98.33,21.51,22.98,0.32,0.19
2024-06-16,93738,1060,92678,1.13,98.87,22.8,23.56,0.21,0.5
2024-06-15,105358,1458,103900,1.38,98.62,22.75,22.55,0.27,0.19
2024-06-14,112357,1710,110647,1.52,98.48,22.25,23.17,0.19,0.25
2024-06-13,117308,1851,115457,1.58,98.42,22.08,23.72,0.19,0.21
2024-06-12,112611,1756,110855,1.56,98.44,22.13,23.65,0.2,0.25
2024-06-11,109187,1703,107484,1.56,98.44,22.49,23.64,0.2,0.24
2024-06-10,94534,1636,92898,1.73,98.27,22.27,23.67,0.2,0.75
2024-06-09,94518,1450,93068,1.53,98.47,22.63,24.19,0.26,0.36
2024-06-08,122071,1410,120661,1.16,98.84,22.6,23.11,0.21,0.46
2024-06-07,119356,1848,117508,1.55,98.45,22.77,23.49,0.18,0.18
2024-06-06,128617,1873,126744,1.46,98.54,22.21,24.75,0.18,0.24
2024-06-05,122554,1723,120831,1.41,98.59,22.62,24.25,0.18,0.31
2024-06-04,113347,1738,111609,1.53,98.47,22.41,24.25,0.19,0.29
2024-06-03,97895,1595,96300,1.63,98.37,22.16,23.7,0.19,0.42
2024-06-02,94694,1586,93108,1.67,98.33,22.82,24.25,0.22,0.51
2024-06-01,120471,1656,118815,1.37,98.63,21.92,23.08,0.21,0.3
2024-05-31,105954,1749,104205,1.65,98.35,22.22,23.55,0.18,0.24
2024-05-30,111850,1753,110097,1.57,98.43,22.62,24.15,0.2,0.16
2024-05-29,110820,1771,109049,1.6,98.4,22.42,24.48,0.18,0.3
2024-05-28,93558,1640,91918,1.75,98.25,22.66,24.22,0.25,0.28
2024-05-27,63890,1324,62566,2.07,97.93,20.82,22.8,0.28,0.56
2024-05-26,77714,1344,76370,1.73,98.27,22.13,22.97,0.22,0.44
2024-05-25,82298,1377,80921,1.67,98.33,21.8,22.53,0.25,0.58
2024-05-24,98239,1760,96479,1.79,98.21,22.73,23.58,0.18,0.22
2024-05-23,111117,1902,109215,1.71,98.29,22.25,24.23,0.19,0.2
2024-05-22,119303,1921,117382,1.61,98.39,22.54,24.25,0.18,0.39
2024-05-21,110801,1731,109070,1.56,98.44,22.65,24.02,0.2,0.27
2024-05-20,94781,1691,93090,1.78,98.22,22.42,23.61,0.19,0.18
2024-05-19,102253,1523,100730,1.49,98.51,21.0,23.8,0.21,0.25
2024-05-18,127358,1556,125802,1.22,98.78,22.07,23.44,0.2,0.66
2024-05-17,120356,1832,118524,1.52,98.48,22.36,23.56,0.18,0.34
2024-05-16,130116,2008,128108,1.54,98.46,22.33,24.57,0.18,0.25
2024-05-15,126130,1951,124179,1.55,98.45,22.64,25.19,0.19,0.43
2024-05-14,120357,1920,118437,1.6,98.4,22.67,25.03,0.19,0.22
2024-05-13,99433,1767,97666,1.78,98.22,22.45,24.22,0.2,0.35
2024-05-12,101010,1466,99544,1.45,98.55,22.66,23.0,0.24,0.37
2024-05-11,120993,1564,119429,1.29,98.71,21.46,22.97,0.19,0.19
2024-05-10,125591,1891,123700,1.51,98.49,22.18,23.74,0.34,0.36
2024-05-09,123986,1944,122042,1.57,98.43,22.78,24.46,0.23,0.29
2024-05-08,116228,1829,114399,1.57,98.43,22.49,24.39,0.26,0.31
2024-05-07,108854,1784,107070,1.64,98.36,22.65,24.26,0.18,0.51
2024-05-06,91569,1714,89855,1.87,98.13,21.71,24.37,0.35,0.19
2024-05-05,107549,1432,106117,1.33,98.67,21.28,23.1,0.26,0.34
2024-05-04,124425,1580,122845,1.27,98.73,21.91,22.83,0.32,0.38
2024-05-03,116396,1888,114508,1.62,98.38,22.54,23.54,0.19,0.2
2024-05-02,121040,1913,119127,1.58,98.42,22.62,24.25,0.19,0.19
2024-05-01,111602,1827,109775,1.64,98.36,22.35,24.23,0.19,0.16
2024-04-30,102940,1708,101232,1.66,98.34,21.73,23.63,0.21,0.26
2024-04-29,86927,1621,85306,1.86,98.14,21.72,23.58,0.2,0.27
2024-04-28,88767,1398,87369,1.57,98.43,22.08,23.09,0.23,0.38
2024-04-27,109267,1630,107637,1.49,98.51,22.18,22.79,0.28,0.32
2024-04-26,102364,1616,100748,1.58,98.42,22.36,23.68,0.2,0.41
2024-04-25,111563,1727,109836,1.55,98.45,21.64,24.37,0.2,0.23
2024-04-24,99247,1715,97532,1.73,98.27,21.52,23.98,0.2,0.17
2024-04-23,91461,1585,89876,1.73,98.27,21.06,23.45,0.21,0.21
2024-04-22,80902,1522,79380,1.88,98.12,21.09,23.04,0.25,0.21
2024-04-21,95504,1405,94099,1.47,98.53,21.35,23.0,0.22,0.29
2024-04-20,123533,1584,121949,1.28,98.72,22.12,23.25,0.19,0.3
2024-04-19,109389,1741,107648,1.59,98.41,21.0,23.5,0.2,0.25
2024-04-18,122641,1882,120759,1.53,98.47,22.28,23.9,0.18,0.21
2024-04-17,116251,1896,114355,1.63,98.37,21.84,23.92,0.21,0.4
2024-04-16,101463,1704,99759,1.68,98.32,21.44,24.0,0.18,0.19
2024-04-15,89867,1709,88158,1.9,98.1,22.24,23.62,0.19,0.28
2024-04-14,100016,1269,98747,1.27,98.73,21.73,23.33,0.21,0.32
2024-04-13,121020,1447,119573,1.2,98.8,21.67,22.3,0.24,0.34
2024-04-12,113116,1789,111327,1.58,98.42,22.16,23.25,0.19,0.26
2024-04-11,131017,1910,129107,1.46,98.54,21.45,23.76,0.18,0.22
2024-04-10,111665,1400,110265,1.25,98.75,21.41,23.35,0.2,0.32
2024-04-09,109781,1681,108100,1.53,98.47,22.22,23.6,0.19,0.22
2024-04-08,87485,1547,85938,1.77,98.23,21.25,22.9,0.24,1.31
2024-04-07,94579,1185,93394,1.25,98.75,22.1,22.96,0.43,0.25
2024-04-06,122205,1453,120752,1.19,98.81,21.48,22.83,0.2,0.34
2024-04-05,123226,1725,121501,1.4,98.6,21.63,23.24,0.27,0.27
2024-04-04,125402,1874,123528,1.49,98.51,21.87,23.66,0.22,0.36
2024-04-03,129793,2047,127746,1.58,98.42,20.84,24.02,0.2,0.28
2024-04-02,120766,1890,118876,1.57,98.43,21.08,23.43,0.17,0.26
2024-04-01,84145,1664,82481,1.98,98.02,21.41,23.16,0.21,0.43
2024-03-31,88407,1312,87095,1.48,98.52,20.97,22.69,0.22,0.21
2024-03-30,104277,1347,102930,1.29,98.71,20.92,22.27,0.26,0.34
2024-03-29,109239,1615,107624,1.48,98.52,21.24,22.89,0.26,0.29
2024-03-28,120619,1886,118733,1.56,98.44,21.64,24.09,0.23,0.19
2024-03-27,111190,1798,109392,1.62,98.38,21.26,23.71,0.21,0.3
2024-03-26,103383,1732,101651,1.68,98.32,21.69,23.44,0.19,0.39
2024-03-25,83381,1590,81791,1.91,98.09,21.56,23.32,0.27,0.52
2024-03-24,90667,1188,89479,1.31,98.69,21.05,22.97,0.26,0.26
2024-03-23,112655,1220,111435,1.08,98.92,20.43,21.94,0.2,0.36
2024-03-22,106191,1703,104488,1.6,98.4,21.59,23.11,0.32,0.36
2024-03-21,119418,1906,117512,1.6,98.4,21.23,23.15,0.18,0.24
2024-03-20,108960,1819,107141,1.67,98.33,21.42,23.33,0.27,0.23
2024-03-19,100984,1736,99248,1.72,98.28,21.24,23.34,0.23,0.21
2024-03-18,83963,1649,82314,1.96,98.04,20.84,23.07,0.19,0.34
2024-03-17,90115,1222,88893,1.36,98.64,21.28,23.44,0.45,0.32
2024-03-16,118939,1475,117464,1.24,98.76,21.21,22.88,0.19,0.29
2024-03-15,115324,1783,113541,1.55,98.45,21.41,23.26,0.29,0.27
2024-03-14,122907,1867,121040,1.52,98.48,22.3,24.02,0.19,0.19
2024-03-13,108203,1853,106350,1.71,98.29,21.28,23.66,0.39,0.17
2024-03-12,101132,1670,99462,1.65,98.35,21.33,23.86,0.19,0.17
2024-03-11,87580,1631,85949,1.86,98.14,20.87,23.04,0.22,0.18
2024-03-10,90984,1255,89729,1.38,98.62,21.16,22.67,0.21,0.2
2024-03-09,126019,1532,124487,1.22,98.78,20.26,22.21,0.32,0.21
2024-03-08,107792,1829,105963,1.7,98.3,21.21,23.11,0.24,0.17
2024-03-07,110142,1868,108274,1.7,98.3,21.64,23.43,0.19,0.3
2024-03-06,119593,2063,117530,1.73,98.27,20.8,23.42,0.18,0.2
2024-03-05,102772,1729,101043,1.68,98.32,21.1,23.42,0.18,0.16
2024-03-04,84736,1701,83035,2.01,97.99,20.4,23.16,0.19,0.22
2024-03-03,85697,1276,84421,1.49,98.51,21.69,22.88,0.36,0.21
2024-03-02,111290,1417,109873,1.27,98.73,20.82,22.22,0.32,0.24
2024-03-01,106505,1845,104660,1.73,98.27,21.37,22.91,0.18,0.25
2024-02-29,117370,1933,115437,1.65,98.35,21.57,23.4,0.18,0.17
2024-02-28,102531,1847,100684,1.8,98.2,20.98,23.59,0.18,0.18
2024-02-27,107242,1762,105480,1.64,98.36,20.39,23.12,0.19,0.17
2024-02-26,76619,1614,75005,2.11,97.89,21.13,23.69,0.2,0.18
2024-02-25,85030,1198,83832,1.41,98.59,21.25,22.53,0.3,0.21
2024-02-24,108713,1390,107323,1.28,98.72,20.3,22.15,0.42,0.18
2024-02-23,93732,1531,92201,1.63,98.37,21.11,23.01,0.19,0.39
2024-02-22,105966,1716,104250,1.62,98.38,21.22,23.48,0.19,0.33
2024-02-21,95862,1565,94297,1.63,98.37,21.15,23.13,0.23,0.19
2024-02-20,88584,1546,87038,1.75,98.25,21.24,23.25,0.2,0.18
2024-02-19,66879,1344,65535,2.01,97.99,20.84,22.44,0.22,0.22
2024-02-18,84116,1274,82842,1.51,98.49,21.15,22.26,0.24,0.24
2024-02-17,96514,1322,95192,1.37,98.63,20.33,21.78,0.23,0.25
2024-02-16,95373,1720,93653,1.8,98.2,21.65,23.14,0.22,0.17
2024-02-15,111993,1915,110078,1.71,98.29,21.48,23.11,0.2,0.17
2024-02-14,112667,2037,110630,1.81,98.19,20.71,22.99,0.2,0.25
2024-02-13,63930,917,63013,1.43,98.57,20.13,21.27,0.21,0.21
2024-02-12,84157,1717,82440,2.04,97.96,20.52,22.9,0.22,0.19
2024-02-11,87154,1268,85886,1.45,98.55,20.96,22.42,0.39,0.32
2024-02-10,104119,1495,102624,1.44,98.56,21.22,22.23,0.33,0.32
2024-02-09,101129,1845,99284,1.82,98.18,21.11,23.24,0.18,0.24
2024-02-08,104474,1866,102608,1.79,98.21,21.4,23.52,0.22,0.24
2024-02-07,94816,1704,93112,1.8,98.2,21.6,23.78,0.2,0.5
2024-02-06,94873,1747,93126,1.84,98.16,20.84,23.13,0.25,0.19
2024-02-05,80911,1710,79201,2.11,97.89,20.73,22.83,0.19,0.21
2024-02-04,79819,1188,78631,1.49,98.51,21.22,22.48,0.42,0.2
2024-02-03,103600,1489,102111,1.44,98.56,20.82,21.85,0.41,0.18
2024-02-02,97586,1802,95784,1.85,98.15,21.49,22.63,0.21,0.16
2024-02-01,101374,1787,99587,1.76,98.24,21.14,23.31,0.19,0.17
2024-01-31,95126,1780,93346,1.87,98.13,21.21,23.04,0.2,0.18
2024-01-30,94394,1729,92665,1.83,98.17,21.02,22.86,0.41,0.43
2024-01-29,76874,1720,75154,2.24,97.76,21.19,22.7,0.21,0.19
2024-01-28,83803,1233,82570,1.47,98.53,20.56,22.02,1.71,0.2
2024-01-27,103800,1402,102398,1.35,98.65,20.84,22.32,0.24,0.18
2024-01-26,97359,1719,95640,1.77,98.23,20.74,22.83,0.19,0.19
2024-01-25,101333,1743,99590,1.72,98.28,21.81,23.47,0.24,0.2
2024-01-24,97894,1774,96120,1.81,98.19,21.05,23.18,0.19,0.2
2024-01-23,92544,1617,90927,1.75,98.25,21.64,23.06,0.24,0.17
2024-01-22,77633,1598,76035,2.06,97.94,20.75,22.76,0.18,0.18
2024-01-21,75708,1225,74483,1.62,98.38,19.82,21.89,0.45,0.32
2024-01-20,100921,1472,99449,1.46,98.54,20.03,21.34,0.21,0.22
2024-01-19,88911,1730,87181,1.95,98.05,20.45,22.34,0.21,0.19
2024-01-18,101838,1825,100013,1.79,98.21,21.46,23.11,0.22,0.17
2024-01-17,100843,1936,98907,1.92,98.08,20.24,23.03,0.19,0.19
2024-01-16,84312,1658,82654,1.97,98.03,20.26,23.4,0.21,0.2
2024-01-15,68349,1113,67236,1.63,98.37,19.86,21.91,0.24,0.21
2024-01-14,85903,1266,84637,1.47,98.53,20.31,22.01,0.33,0.21
2024-01-13,96763,1469,95294,1.52,98.48,19.91,21.94,0.31,0.24
2024-01-12,94010,1769,92241,1.88,98.12,21.1,22.84,0.22,0.26
2024-01-11,96103,1803,94300,1.88,98.12,21.79,23.35,0.21,0.23
2024-01-10,87779,1706,86073,1.94,98.06,20.82,22.94,0.2,0.2
2024-01-09,86841,1750,85091,2.02,97.98,20.03,22.08,0.38,0.37
2024-01-08,72852,1685,71167,2.31,97.69,20.77,22.74,0.28,0.19
2024-01-07,59756,1016,58740,1.7,98.3,19.97,22.05,0.22,0.24
2024-01-06,89287,1409,87878,1.58,98.42,19.64,21.58,0.25,0.19
2024-01-05,95310,1843,93467,1.93,98.07,21.1,22.7,0.19,0.2
2024-01-04,95042,1830,93212,1.93,98.07,21.18,23.33,0.19,0.18
2024-01-03,73898,1518,72380,2.05,97.95,21.08,22.97,0.21,0.19
2024-01-02,66003,1383,64620,2.1,97.9,20.89,23.26,0.28,0.2
2024-01-01,68786,992,67794,1.44,98.56,20.98,24.37,0.33,0.26
2023-12-31,68473,1184,67289,1.73,98.27,20.14,22.61,0.44,0.22
2023-12-30,73805,1308,72497,1.77,98.23,20.62,23.53,0.22,0.19
2023-12-29,76873,1502,75371,1.95,98.05,21.21,24.5,0.23,0.18
2023-12-28,74977,1473,73504,1.96,98.04,20.91,24.69,0.23,0.17
2023-12-27,71806,1474,70332,2.05,97.95,20.76,24.64,0.22,0.18
2023-12-26,60436,1406,59030,2.33,97.67,20.99,24.33,0.21,0.22
2023-12-25,40047,775,39272,1.94,98.06,20.38,23.56,0.35,0.25
2023-12-24,59953,1147,58806,1.91,98.09,19.51,21.6,0.21,0.2
2023-12-23,75451,1349,74102,1.79,98.21,20.76,22.41,0.28,0.18
2023-12-22,100667,1958,98709,1.95,98.05,21.4,22.99,0.21,0.49
2023-12-21,106821,2066,104755,1.93,98.07,21.33,23.68,0.18,0.17
2023-12-20,108365,2026,106339,1.87,98.13,21.64,23.77,0.19,0.17
2023-12-19,111629,2024,109605,1.81,98.19,21.04,23.79,0.24,0.17
2023-12-18,92003,1929,90074,2.1,97.9,20.59,23.23,0.24,0.19
2023-12-17,96546,1433,95113,1.48,98.52,21.64,23.1,0.29,0.19
2023-12-16,124872,1869,123003,1.5,98.5,21.75,23.93,0.35,0.19
2023-12-15,127132,2202,124930,1.73,98.27,21.81,24.26,0.18,0.23
2023-12-14,130053,2171,127882,1.67,98.33,22.04,25.24,0.18,0.17
2023-12-13,123620,2094,121526,1.69,98.31,21.43,24.59,0.19,0.19
2023-12-12,114795,1968,112827,1.71,98.29,21.48,24.6,0.19,0.16
2023-12-11,98470,1876,96594,1.91,98.09,21.41,23.62,0.2,0.19
2023-12-10,99198,1508,97690,1.52,98.48,20.25,23.21,0.22,0.38
2023-12-09,124899,1752,123147,1.4,98.6,21.17,24.13,0.27,0.17
2023-12-08,118977,2035,116942,1.71,98.29,22.05,24.3,0.29,0.19
2023-12-07,121633,2098,119535,1.72,98.28,22.1,24.86,0.21,0.15
2023-12-06,118447,2148,116299,1.81,98.19,21.45,24.7,0.2,0.15
2023-12-05,110207,1944,108263,1.76,98.24,22.03,24.47,0.24,0.23
2023-12-04,91485,1909,89576,2.09,97.91,21.66,23.96,0.21,0.22
2023-12-03,94849,1332,93517,1.4,98.6,21.35,23.16,0.28,0.19
2023-12-02,114067,1715,112352,1.5,98.5,21.36,23.95,0.33,0.23
2023-12-01,116590,2165,114425,1.86,98.14,21.89,24.48,0.17,0.18
2023-11-30,111556,1991,109565,1.78,98.22,21.63,25.02,0.21,0.2
2023-11-29,102795,2044,100751,1.99,98.01,21.61,25.01,0.18,0.19
2023-11-28,107651,1881,105770,1.75,98.25,21.73,24.23,0.24,0.19
2023-11-27,84488,1782,82706,2.11,97.89,21.71,24.02,0.2,0.21
2023-11-26,72875,1431,71444,1.96,98.04,20.73,23.72,0.34,0.21
2023-11-25,79113,1389,77724,1.76,98.24,21.0,23.68,0.22,0.19
2023-11-24,70679,1308,69371,1.85,98.15,20.69,23.3,0.23,0.19
2023-11-23,56907,1232,55675,2.16,97.84,20.33,22.22,0.28,0.25
2023-11-22,82233,1830,80403,2.23,97.77,22.16,23.8,0.2,0.16
2023-11-21,98877,2133,96744,2.16,97.84,21.73,24.39,0.19,0.17
2023-11-20,89924,1846,88078,2.05,97.95,22.47,23.59,0.19,0.21
2023-11-19,89526,1573,87953,1.76,98.24,22.17,22.94,0.28,0.2
2023-11-18,115962,1737,114225,1.5,98.5,21.63,22.73,0.23,0.21
2023-11-17,108338,1992,106346,1.84,98.16,22.21,24.14,0.19,0.16
2023-11-16,117647,2015,115632,1.71,98.29,22.11,24.34,0.24,0.17
2023-11-15,112000,1976,110024,1.76,98.24,22.06,24.59,0.2,0.18
2023-11-14,106229,1974,104255,1.86,98.14,21.8,24.08,0.18,0.22
2023-11-13,90895,1736,89159,1.91,98.09,21.58,23.71,0.22,0.18
2023-11-12,93587,1466,92121,1.57,98.43,21.82,23.21,0.31,0.2
2023-11-11,112765,1750,111015,1.55,98.45,21.5,23.47,0.2,0.18
2023-11-10,112886,1968,110918,1.74,98.26,21.23,23.57,0.19,0.17
2023-11-09,115287,2025,113262,1.76,98.24,22.52,25.07,0.27,0.17
2023-11-08,112267,1969,110298,1.75,98.25,21.93,24.43,0.18,0.16
2023-11-07,102334,1768,100566,1.73,98.27,20.25,23.36,0.22,0.25
2023-11-06,90064,1829,88235,2.03,97.97,21.85,24.18,0.2,0.17
2023-11-05,92353,1382,90971,1.5,98.5,22.48,23.32,0.24,0.2
2023-11-04,112623,1561,111062,1.39,98.61,22.25,23.37,0.26,0.19
2023-11-03,109670,2027,107643,1.85,98.15,21.88,24.11,0.2,0.16
2023-11-02,114926,2019,112907,1.76,98.24,22.33,24.57,0.2,0.15
2023-11-01,113376,2206,111170,1.95,98.05,21.26,24.01,0.22,0.19
2023-10-31,93029,1850,91179,1.99,98.01,21.34,23.41,0.38,0.32
2023-10-30,87379,1793,85586,2.05,97.95,21.59,23.48,0.32,0.18
2023-10-29,94098,1539,92559,1.64,98.36,21.24,23.53,0.22,0.23
2023-10-28,115768,1705,114063,1.47,98.53,21.99,24.05,0.22,0.17
2023-10-27,111469,2004,109465,1.8,98.2,22.34,24.25,0.2,0.17
2023-10-26,115499,1970,113529,1.71,98.29,23.15,24.71,0.29,0.16
2023-10-25,107013,1891,105122,1.77,98.23,22.7,24.65,0.27,0.16
2023-10-24,101361,1828,99533,1.8,98.2,21.81,24.47,0.2,0.29
2023-10-23,87699,1791,85908,2.04,97.96,21.75,23.87,0.34,0.19
2023-10-22,95089,1479,93610,1.56,98.44,21.53,23.67,0.26,0.21
2023-10-21,110741,1634,109107,1.48,98.52,21.98,22.96,0.21,0.19
2023-10-20,110131,2056,108075,1.87,98.13,22.18,24.17,0.2,0.34
2023-10-19,113388,2124,111264,1.87,98.13,23.12,24.7,0.34,0.21
2023-10-18,108008,2053,105955,1.9,98.1,22.0,24.97,1.42,0.16
2023-10-17,103745,1862,101883,1.79,98.21,22.22,24.42,0.24,0.2
2023-10-16,89441,1755,87686,1.96,98.04,21.97,24.04,0.53,0.19
2023-10-15,89324,1471,87853,1.65,98.35,22.28,23.64,0.23,0.23
2023-10-14,107928,1494,106434,1.38,98.62,21.79,23.19,0.22,0.2
2023-10-13,103977,2009,101968,1.93,98.07,22.4,24.32,0.2,0.19
2023-10-12,112194,2069,110125,1.84,98.16,22.21,25.17,0.19,0.17
2023-10-11,105945,1898,104047,1.79,98.21,21.75,24.59,0.18,0.18
2023-10-10,98207,1745,96462,1.78,98.22,22.83,24.61,0.26,0.17
2023-10-09,73896,1509,72387,2.04,97.96,21.53,23.85,0.26,0.2
2023-10-08,84902,1420,83482,1.67,98.33,21.87,24.38,0.34,0.23
2023-10-07,101968,1450,100518,1.42,98.58,22.03,22.87,0.22,0.21
2023-10-06,102120,1978,100142,1.94,98.06,21.64,24.04,0.2,0.17
2023-10-05,109694,1971,107723,1.8,98.2,22.69,24.51,0.19,0.17
2023-10-04,107101,1954,105147,1.82,98.18,21.74,24.05,0.18,0.16
2023-10-03,101368,1926,99442,1.9,98.1,21.68,23.99,0.19,0.2
2023-10-02,87971,1812,86159,2.06,97.94,21.75,24.12,0.3,0.19
2023-10-01,88284,1466,86818,1.66,98.34,22.05,24.03,0.38,0.26
2023-09-30,102353,1462,100891,1.43,98.57,21.95,22.8,0.43,0.18
2023-09-29,88116,1529,86587,1.74,98.26,23.01,25.51,0.18,0.19
2023-09-28,113223,2142,111081,1.89,98.11,22.27,24.64,0.2,0.16
2023-09-27,106904,1990,104914,1.86,98.14,22.37,24.35,0.18,0.16
2023-09-26,101401,1979,99422,1.95,98.05,21.99,24.52,0.22,0.19
2023-09-25,80793,1587,79206,1.96,98.04,20.46,22.76,0.25,0.29
2023-09-24,4101,1310,2791,31.94,68.06,21.4,27.47,0.36,0.51
2023-09-23,4711,1397,3314,29.65,70.35,21.41,28.01,0.34,0.91
2023-09-22,4271,1879,2392,43.99,56.01,23.2,30.51,0.3,0.55
2023-09-21,36972,2089,34883,5.65,94.35,22.42,23.93,0.2,0.19
2023-09-20,95975,2018,93957,2.1,97.9,22.37,25.28,0.24,0.44
2023-09-19,92333,1807,90526,1.96,98.04,21.9,24.91,0.25,0.23
2023-09-18,82592,1918,80674,2.32,97.68,22.13,25.14,0.2,0.18
2023-09-17,79552,1508,78044,1.9,98.1,22.32,24.64,0.27,0.75
2023-09-16,99697,1696,98001,1.7,98.3,21.96,23.16,0.27,0.17
2023-09-15,103339,2029,101310,1.96,98.04,21.95,24.08,0.21,0.22
2023-09-14,112128,2082,110046,1.86,98.14,22.83,24.76,0.18,0.22
2023-09-13,107233,2009,105224,1.87,98.13,21.95,24.74,0.2,0.23
2023-09-12,105931,1943,103988,1.83,98.17,22.54,24.9,0.22,0.18
2023-09-11,93845,1930,91915,2.06,97.94,22.18,24.56,0.23,0.24
2023-09-10,91051,1535,89516,1.69,98.31,21.88,23.52,0.3,0.2
2023-09-09,105625,1766,103859,1.67,98.33,22.38,23.95,0.31,0.19
2023-09-08,110499,2124,108375,1.92,98.08,23.26,24.6,0.21,0.26
2023-09-07,117084,2120,114964,1.81,98.19,23.36,24.66,0.43,0.19
2023-09-06,106548,2053,104495,1.93,98.07,23.5,24.47,0.59,0.18
2023-09-05,90908,2041,88867,2.25,97.75,23.51,23.81,0.24,0.21
2023-09-04,61562,1520,60042,2.47,97.53,25.1,23.88,0.68,0.29
2023-09-03,69206,1427,67779,2.06,97.94,24.76,23.41,0.29,0.22
2023-09-02,73982,1377,72605,1.86,98.14,24.55,23.02,0.28,0.23
2023-09-01,76211,1828,74383,2.4,97.6,22.94,23.97,0.29,0.2
2023-08-31,80792,1767,79025,2.19,97.81,23.64,24.33,0.22,0.18
2023-08-30,82947,1785,81162,2.15,97.85,24.19,24.02,0.22,0.17
2023-08-29,84912,1753,83159,2.06,97.94,23.73,24.09,0.28,0.26
2023-08-28,69012,1653,67359,2.4,97.6,23.11,23.64,0.26,0.23
2023-08-27,71425,1332,70093,1.86,98.14,21.91,23.77,0.23,0.61
2023-08-26,82274,1440,80834,1.75,98.25,21.99,22.85,0.22,0.56
2023-08-25,79994,1595,78399,1.99,98.01,21.71,23.45,0.36,0.21
2023-08-24,86038,1783,84255,2.07,97.93,21.95,23.76,0.3,0.18
2023-08-23,83804,1688,82116,2.01,97.99,22.2,23.51,0.54,0.36
2023-08-22,78831,1578,77253,2.0,98.0,21.29,23.57,0.23,0.23
2023-08-21,71201,1548,69653,2.17,97.83,21.69,23.32,0.36,0.24
2023-08-20,68773,1413,67360,2.05,97.95,22.23,23.99,0.23,0.29
2023-08-19,81764,1558,80206,1.91,98.09,22.01,23.38,0.27,0.26
2023-08-18,81079,1792,79287,2.21,97.79,21.53,23.68,0.31,0.46
2023-08-17,90966,1715,89251,1.89,98.11,21.33,23.46,0.2,0.19
2023-08-16,90846,1748,89098,1.92,98.08,21.67,23.37,0.31,0.2
2023-08-15,85366,1640,83726,1.92,98.08,21.72,23.35,0.21,0.62
2023-08-14,74906,1593,73313,2.13,97.87,21.7,23.37,0.23,0.35
2023-08-13,70314,1380,68934,1.96,98.04,22.42,24.32,0.23,0.24
2023-08-12,82221,1466,80755,1.78,98.22,22.61,22.76,0.22,0.27
2023-08-11,83386,1671,81715,2.0,98.0,21.97,23.43,0.2,0.19
2023-08-10,95344,1878,93466,1.97,98.03,21.53,23.76,0.29,0.39
2023-08-09,91905,1712,90193,1.86,98.14,22.16,23.5,0.2,0.19
2023-08-08,87118,1707,85411,1.96,98.04,22.17,23.82,0.23,0.3
2023-08-07,74906,1615,73291,2.16,97.84,20.89,23.09,0.29,0.19
2023-08-06,71996,1432,70564,1.99,98.01,22.67,23.41,0.29,0.22
2023-08-05,85267,1487,83780,1.74,98.26,21.83,22.75,0.31,0.2
2023-08-04,83366,1726,81640,2.07,97.93,21.98,23.71,0.3,0.2
2023-08-03,93937,1885,92052,2.01,97.99,22.07,23.81,0.2,0.2
2023-08-02,93041,1753,91288,1.88,98.12,21.89,23.83,0.25,0.21
2023-08-01,89606,1706,87900,1.9,98.1,22.08,23.79,0.2,0.21
2023-07-31,76788,1653,75135,2.15,97.85,21.66,23.61,0.24,0.31
2023-07-30,77235,1454,75781,1.88,98.12,21.35,23.84,0.22,0.24
2023-07-29,89116,1582,87534,1.78,98.22,21.51,22.65,0.35,0.2
2023-07-28,92832,1824,91008,1.96,98.04,21.72,23.37,0.32,0.22
2023-07-27,103286,1937,101349,1.88,98.12,21.96,23.84,0.22,0.24
2023-07-26,99081,1785,97296,1.8,98.2,22.5,24.48,0.19,0.21
2023-07-25,94231,1716,92515,1.82,98.18,22.05,24.22,0.22,0.4
2023-07-24,80801,1627,79174,2.01,97.99,21.45,23.54,0.21,0.26
2023-07-23,77468,1368,76100,1.77,98.23,22.61,23.58,0.34,0.25
2023-07-22,91149,1440,89709,1.58,98.42,21.95,23.05,0.24,0.21
2023-07-21,91177,1703,89474,1.87,98.13,22.52,23.48,0.2,0.19
2023-07-20,101580,1854,99726,1.83,98.17,22.54,24.01,0.2,0.23
2023-07-19,101271,1755,99516,1.73,98.27,22.37,24.23,0.2,0.28
2023-07-18,97063,1726,95337,1.78,98.22,22.03,24.09,0.28,0.21
2023-07-17,83278,1725,81553,2.07,97.93,20.94,23.66,0.2,0.23
2023-07-16,71779,1412,70367,1.97,98.03,22.22,23.49,0.26,0.38
2023-07-15,92350,1669,90681,1.81,98.19,21.12,22.94,0.3,0.3
2023-07-14,90058,1817,88241,2.02,97.98,21.91,23.49,0.2,0.19
2023-07-13,103601,1951,101650,1.88,98.12,21.93,23.94,0.2,0.19
2023-07-12,101552,1887,99665,1.86,98.14,21.45,24.06,0.21,0.26
2023-07-11,94156,1647,92509,1.75,98.25,21.43,23.92,0.27,0.18
2023-07-10,78997,1678,77319,2.12,97.88,21.96,23.6,0.23,0.2
2023-07-09,71424,1498,69926,2.1,97.9,21.5,22.71,0.24,0.5
2023-07-08,83265,1436,81829,1.72,98.28,21.29,22.7,0.32,0.27
2023-07-07,82985,1789,81196,2.16,97.84,21.95,23.29,0.21,0.28
2023-07-06,85085,1776,83309,2.09,97.91,21.51,23.66,0.24,0.25
2023-07-05,76668,1749,74919,2.28,97.72,21.25,23.28,0.21,0.2
2023-07-04,50860,1099,49761,2.16,97.84,20.99,23.02,0.26,0.28
2023-07-03,58125,1450,56675,2.49,97.51,20.92,22.76,0.24,0.28
2023-07-02,62134,1427,60707,2.3,97.7,21.82,22.82,0.28,0.24
2023-07-01,74111,1532,72579,2.07,97.93,21.21,22.56,0.98,0.24
2023-06-30,85825,1777,84048,2.07,97.93,21.57,23.37,0.23,0.22
2023-06-29,94121,1710,92411,1.82,98.18,22.46,24.44,0.21,0.71
2023-06-28,95816,1489,94327,1.55,98.45,21.49,23.76,0.2,0.23
2023-06-27,99041,1845,97196,1.86,98.14,21.3,23.6,0.19,0.24
2023-06-26,89119,1761,87358,1.98,98.02,21.85,23.64,0.29,0.42
2023-06-25,83823,1443,82380,1.72,98.28,21.99,24.18,0.23,0.22
2023-06-24,100199,1614,98585,1.61,98.39,21.65,23.04,0.21,0.23
2023-06-23,104024,1905,102119,1.83,98.17,22.73,23.6,2.66,0.22
2023-06-22,110887,2041,108846,1.84,98.16,22.39,24.03,0.23,0.25
2023-06-21,106229,1906,104323,1.79,98.21,22.29,24.37,0.21,0.35
2023-06-20,97975,1748,96227,1.78,98.22,21.99,24.52,0.19,0.19
2023-06-19,76050,1449,74601,1.91,98.09,21.4,23.53,0.21,0.24
2023-06-18,83031,1543,81488,1.86,98.14,21.74,23.48,0.36,0.25
2023-06-17,98116,1641,96475,1.67,98.33,22.14,22.8,0.24,0.22
2023-06-16,100367,1971,98396,1.96,98.04,22.24,23.67,0.21,0.24
2023-06-15,116473,2136,114337,1.83,98.17,22.35,24.23,0.18,0.2
2023-06-14,112971,2103,110868,1.86,98.14,22.05,24.22,0.19,0.2
2023-06-13,107807,1962,105845,1.82,98.18,21.91,24.1,0.19,0.22
2023-06-12,96809,1923,94886,1.99,98.01,21.26,23.45,0.21,0.22
2023-06-11,85943,1584,84359,1.84,98.16,22.6,23.99,0.32,0.25
2023-06-10,104363,1709,102654,1.64,98.36,22.04,22.8,0.2,0.25
2023-06-09,105401,2085,103316,1.98,98.02,21.79,23.59,0.3,0.22
2023-06-08,109292,1871,107421,1.71,98.29,21.91,23.97,0.29,0.22
2023-06-07,113122,2008,111114,1.78,98.22,21.87,24.12,0.19,0.17
2023-06-06,111322,2018,109304,1.81,98.19,21.25,24.18,0.22,0.18
2023-06-05,92558,1790,90768,1.93,98.07,21.85,23.65,0.26,0.28
2023-06-04,89108,1660,87448,1.86,98.14,22.34,24.2,0.24,0.22
2023-06-03,109651,1875,107776,1.71,98.29,22.04,22.93,0.28,0.23
2023-06-02,108978,2097,106881,1.92,98.08,21.53,23.42,0.23,0.28
2023-06-01,112356,2090,110266,1.86,98.14,22.53,24.39,0.19,0.23
2023-05-31,105393,1976,103417,1.87,98.13,22.61,24.13,0.19,0.18
2023-05-30,90664,1857,88807,2.05,97.95,22.36,23.85,0.39,0.18
2023-05-29,66192,1438,64754,2.17,97.83,20.71,23.79,0.24,0.27
2023-05-28,75612,1315,74297,1.74,98.26,21.63,23.54,0.4,0.25
2023-05-27,86366,1509,84857,1.75,98.25,22.26,22.86,0.29,0.22
2023-05-26,92670,1886,90784,2.04,97.96,21.86,23.64,0.38,0.27
2023-05-25,106344,2072,104272,1.95,98.05,21.82,24.11,0.25,0.43
2023-05-24,115317,2087,113230,1.81,98.19,21.89,23.91,0.19,0.2
2023-05-23,107074,1879,105195,1.75,98.25,22.25,23.98,0.19,0.19
2023-05-22,93340,1941,91399,2.08,97.92,20.94,23.62,0.2,0.3
2023-05-21,90807,1561,89246,1.72,98.28,22.49,24.25,0.25,0.21
2023-05-20,109783,1708,108075,1.56,98.44,20.94,23.44,0.2,0.18
2023-05-19,116934,2203,114731,1.88,98.12,22.22,23.78,0.26,0.23
2023-05-18,121946,2230,119716,1.83,98.17,22.46,24.78,0.21,0.19
2023-05-17,121008,2166,118842,1.79,98.21,22.87,24.76,0.19,0.23
2023-05-16,114161,1950,112211,1.71,98.29,22.19,24.6,0.24,0.17
2023-05-15,97614,1967,95647,2.02,97.98,21.62,23.91,0.19,0.21
2023-05-14,98634,1691,96943,1.71,98.29,21.47,23.38,0.22,0.28
2023-05-13,113162,1757,111405,1.55,98.45,21.82,23.05,0.22,0.19
2023-05-12,114385,2173,112212,1.9,98.1,21.35,23.92,0.18,0.18
2023-05-11,118636,2208,116428,1.86,98.14,22.58,24.28,0.19,0.19
2023-05-10,109978,1949,108029,1.77,98.23,21.9,24.65,0.21,0.23
2023-05-09,106173,1950,104223,1.84,98.16,21.47,23.98,0.53,0.4
2023-05-08,88576,1942,86634,2.19,97.81,21.19,23.85,0.25,0.26
2023-05-07,90068,1556,88512,1.73,98.27,21.46,23.34,0.21,0.24
2023-05-06,113735,1803,111932,1.59,98.41,21.36,23.01,0.21,0.2
2023-05-05,111167,1984,109183,1.78,98.22,21.76,23.64,0.3,0.29
2023-05-04,115963,2072,113891,1.79,98.21,21.46,24.09,0.2,0.23
2023-05-03,109849,1987,107862,1.81,98.19,21.18,23.93,0.19,0.17
2023-05-02,105296,1885,103411,1.79,98.21,21.22,23.74,0.18,0.17
2023-05-01,88621,2072,86549,2.34,97.66,21.46,24.28,0.19,0.22
2023-04-30,84130,1467,82663,1.74,98.26,20.63,23.65,0.28,0.39
2023-04-29,101885,1523,100362,1.49,98.51,20.49,22.98,0.37,0.17
2023-04-28,112662,2300,110362,2.04,97.96,21.6,23.6,0.19,0.18
2023-04-27,113155,2300,110855,2.03,97.97,22.18,24.39,0.2,0.17
2023-04-26,110355,2162,108193,1.96,98.04,21.46,24.17,0.18,0.19
2023-04-25,103242,2051,101191,1.99,98.01,22.12,24.16,0.25,0.21
2023-04-24,89167,1864,87303,2.09,97.91,21.42,23.85,0.23,0.21
2023-04-23,86809,1462,85347,1.68,98.32,21.9,23.67,0.23,0.24
2023-04-22,110157,1759,108398,1.6,98.4,21.34,22.64,0.25,0.34
2023-04-21,106399,1617,104782,1.52,98.48,21.5,23.38,0.21,0.21
2023-04-20,114572,2091,112481,1.83,98.17,22.24,24.39,0.24,0.19
2023-04-19,108168,1927,106241,1.78,98.22,21.62,23.99,0.19,0.25
2023-04-18,105596,2057,103539,1.95,98.05,21.49,23.73,0.2,0.22
2023-04-17,87800,1926,85874,2.19,97.81,20.74,23.52,0.2,0.22
2023-04-16,88561,1558,87003,1.76,98.24,21.59,23.23,0.22,0.24
2023-04-15,110807,1778,109029,1.6,98.4,20.81,23.01,0.2,0.25
2023-04-14,114318,2061,112257,1.8,98.2,21.34,23.52,0.3,0.19
2023-04-13,112419,1946,110473,1.73,98.27,21.46,23.93,0.23,0.22
2023-04-12,104671,1834,102837,1.75,98.25,21.26,23.5,0.29,0.2
2023-04-11,96383,1918,94465,1.99,98.01,21.55,23.57,0.34,0.27
2023-04-10,80630,1896,78734,2.35,97.65,21.54,23.48,0.24,0.27
2023-04-09,80142,1616,78526,2.02,97.98,20.71,22.9,0.24,0.25
2023-04-08,95510,1665,93845,1.74,98.26,20.45,21.94,0.22,0.2
2023-04-07,97836,1861,95975,1.9,98.1,20.54,22.71,0.21,0.28
2023-04-06,99227,1954,97273,1.97,98.03,20.83,23.28,0.29,0.2
2023-04-05,107022,2079,104943,1.94,98.06,21.22,23.32,0.19,0.21
2023-04-04,100606,1998,98608,1.99,98.01,21.36,23.0,0.19,0.24
2023-04-03,88064,1978,86086,2.25,97.75,20.83,23.36,0.19,0.29
2023-04-02,89900,1541,88359,1.71,98.29,20.89,22.91,0.21,0.24
2023-04-01,108758,1692,107066,1.56,98.44,20.8,22.3,0.23,0.21
2023-03-31,105155,2105,103050,2.0,98.0,21.11,23.36,0.19,0.25
2023-03-30,109260,2143,107117,1.96,98.04,21.32,23.67,0.2,0.21
2023-03-29,102545,2136,100409,2.08,97.92,20.99,23.62,0.2,0.22
2023-03-28,96289,1869,94420,1.94,98.06,21.09,23.54,0.2,0.22
2023-03-27,87404,2000,85404,2.29,97.71,20.35,23.2,0.24,0.24
2023-03-26,84437,1452,82985,1.72,98.28,20.27,23.47,0.23,0.33
2023-03-25,108090,1730,106360,1.6,98.4,20.2,22.03,0.22,0.19
2023-03-24,101718,2079,99639,2.04,97.96,21.17,23.26,0.2,0.27
2023-03-23,103986,1962,102024,1.89,98.11,20.99,23.52,0.19,0.2
2023-03-22,97599,1988,95611,2.04,97.96,20.85,23.66,0.2,0.19
2023-03-21,93411,1933,91478,2.07,97.93,21.03,23.4,0.19,0.21
2023-03-20,81478,1976,79502,2.43,97.57,20.5,23.27,0.28,0.22
2023-03-19,89724,1574,88150,1.75,98.25,20.63,23.17,0.32,0.24
2023-03-18,113323,1862,111461,1.64,98.36,20.34,22.57,0.47,0.23
2023-03-17,102585,2256,100329,2.2,97.8,21.5,24.07,0.19,0.2
2023-03-16,113638,2286,111352,2.01,97.99,20.9,24.07,0.18,0.2
2023-03-15,110102,2161,107941,1.96,98.04,21.29,23.76,0.3,0.27
2023-03-14,100042,1994,98048,1.99,98.01,20.62,22.82,0.37,0.21
2023-03-13,91586,2089,89497,2.28,97.72,20.22,23.04,0.18,0.2
2023-03-12,86181,1522,84659,1.77,98.23,20.55,23.03,0.21,0.25
2023-03-11,104049,1834,102215,1.76,98.24,20.38,22.03,0.24,0.2
2023-03-10,112262,2161,110101,1.92,98.08,20.81,23.18,0.22,0.25
2023-03-09,112550,2228,110322,1.98,98.02,21.48,23.62,0.2,0.21
2023-03-08,109032,2231,106801,2.05,97.95,21.38,23.58,0.19,0.21
2023-03-07,106462,2272,104190,2.13,97.87,20.56,23.09,0.2,0.19
2023-03-06,85001,1990,83011,2.34,97.66,20.55,23.17,0.2,0.21
2023-03-05,88217,1606,86611,1.82,98.18,20.59,23.16,0.3,0.24
2023-03-04,106228,1891,104337,1.78,98.22,20.1,22.27,0.21,0.2
2023-03-03,108137,2331,105806,2.16,97.84,20.73,22.89,0.19,0.39
2023-03-02,110118,2216,107902,2.01,97.99,20.77,23.47,0.3,0.47
2023-03-01,107107,2257,104850,2.11,97.89,20.69,23.4,0.19,0.34
2023-02-28,93973,1928,92045,2.05,97.95,20.49,22.72,0.22,0.24
2023-02-27,84903,2061,82842,2.43,97.57,19.92,22.87,0.19,0.21
2023-02-26,82793,1461,81332,1.76,98.24,21.05,23.21,0.24,0.26
2023-02-25,106548,1740,104808,1.63,98.37,20.04,22.41,0.22,0.22
2023-02-24,107370,2329,105041,2.17,97.83,20.22,23.01,0.21,0.21
2023-02-23,107031,2180,104851,2.04,97.96,21.14,23.51,0.24,0.22
2023-02-22,103321,2101,101220,2.03,97.97,20.92,23.34,0.2,0.2
2023-02-21,92115,2006,90109,2.18,97.82,20.94,23.07,0.24,0.44
2023-02-20,70837,1537,69300,2.17,97.83,20.68,22.73,0.27,0.24
2023-02-19,82505,1537,80968,1.86,98.14,20.75,22.89,0.26,0.27
2023-02-18,98442,1824,96618,1.85,98.15,19.89,22.49,0.26,0.2
2023-02-17,103327,2263,101064,2.19,97.81,20.84,22.95,0.19,0.2
2023-02-16,104996,2292,102704,2.18,97.82,21.12,23.34,0.19,0.19
2023-02-15,102238,2195,100043,2.15,97.85,21.06,23.46,0.2,0.21
2023-02-14,101966,2093,99873,2.05,97.95,20.98,23.22,0.19,0.18
2023-02-13,85802,1870,83932,2.18,97.82,20.26,22.88,0.27,0.22
2023-02-12,86827,1637,85190,1.89,98.11,20.26,22.59,0.27,0.23
2023-02-11,108206,1865,106341,1.72,98.28,20.8,22.56,0.25,0.19
2023-02-10,106389,2258,104131,2.12,97.88,21.1,23.2,0.27,0.2
2023-02-09,107146,2255,104891,2.1,97.9,21.53,23.43,0.39,0.18
2023-02-08,102089,2206,99883,2.16,97.84,20.77,23.1,0.19,0.19
2023-02-07,99825,2145,97680,2.15,97.85,20.74,22.75,0.2,0.21
2023-02-06,83744,2002,81742,2.39,97.61,20.11,22.83,0.2,0.22
2023-02-05,76638,1451,75187,1.89,98.11,19.79,22.89,0.26,0.23
2023-02-04,92595,1528,91067,1.65,98.35,20.26,21.73,0.22,0.47
2023-02-03,108048,2318,105730,2.15,97.85,20.15,22.35,0.2,0.22
2023-02-02,106209,2209,104000,2.08,97.92,20.36,22.88,0.26,0.19
2023-02-01,101499,2203,99296,2.17,97.83,20.19,22.78,0.2,0.2
2023-01-31,94149,2013,92136,2.14,97.86,20.57,23.1,0.27,0.37
2023-01-30,77112,1952,75160,2.53,97.47,20.76,22.89,0.2,0.2
2023-01-29,80935,1436,79499,1.77,98.23,20.22,22.85,0.33,0.23
2023-01-28,105887,1761,104126,1.66,98.34,20.45,22.25,0.27,0.2
2023-01-27,104165,2109,102056,2.02,97.98,20.58,22.92,0.21,0.2
2023-01-26,107313,2312,105001,2.15,97.85,20.85,23.23,0.26,0.18
2023-01-25,103336,2338,100998,2.26,97.74,20.47,22.67,0.19,0.2
2023-01-24,97648,2090,95558,2.14,97.86,20.78,22.82,0.24,0.19
2023-01-23,82797,2065,80732,2.49,97.51,19.83,22.29,0.2,0.75
2023-01-22,82250,1540,80710,1.87,98.13,19.45,22.54,0.22,0.29
2023-01-21,106116,1875,104241,1.77,98.23,20.25,21.97,0.35,0.2
2023-01-20,102033,2147,99886,2.1,97.9,20.49,22.79,0.19,0.21
2023-01-19,107562,2254,105308,2.1,97.9,20.94,23.13,0.2,0.17
2023-01-18,98935,2039,96896,2.06,97.94,20.83,22.99,0.2,0.21
2023-01-17,92552,1964,90588,2.12,97.88,20.99,22.91,0.23,0.2
2023-01-16,71684,1362,70322,1.9,98.1,20.49,22.48,0.23,0.23
2023-01-15,88998,1532,87466,1.72,98.28,20.31,22.42,0.27,0.44
2023-01-14,105269,1852,103417,1.76,98.24,20.02,22.31,0.22,0.21
2023-01-13,101363,2175,99188,2.15,97.85,20.68,23.03,0.24,0.34
2023-01-12,103258,2183,101075,2.11,97.89,20.4,23.22,0.19,0.24
2023-01-11,99731,2139,97592,2.14,97.86,20.66,22.59,0.22,0.19
2023-01-10,93621,1892,91729,2.02,97.98,20.35,22.67,0.19,0.19
2023-01-09,78247,1935,76312,2.47,97.53,20.5,22.63,0.24,0.21
2023-01-08,76759,1441,75318,1.88,98.12,19.5,22.58,0.25,0.24
2023-01-07,98407,1882,96525,1.91,98.09,19.61,21.96,0.24,0.21
2023-01-06,95898,2199,93699,2.29,97.71,20.04,22.59,0.22,0.2
2023-01-05,93815,2073,91742,2.21,97.79,20.73,22.84,0.2,0.2
2023-01-04,87663,2090,85573,2.38,97.62,19.85,23.13,0.21,0.2
2023-01-03,77266,1831,75435,2.37,97.63,20.06,23.1,0.31,0.33
2023-01-02,57204,1364,55840,2.38,97.62,19.89,23.1,0.23,0.25
2023-01-01,68015,1173,66842,1.72,98.28,21.1,24.53,0.32,0.25
2022-12-31,78028,1696,76332,2.17,97.83,19.03,22.31,0.27,0.43
2022-12-30,83191,2026,81165,2.44,97.56,20.68,24.42,0.27,0.2
2022-12-29,84531,1960,82571,2.32,97.68,20.3,24.29,0.2,0.2
2022-12-28,80468,1824,78644,2.27,97.73,20.42,24.33,0.21,0.22
2022-12-27,77377,1808,75569,2.34,97.66,20.33,24.16,0.21,0.22
2022-12-26,59962,1435,58527,2.39,97.61,19.57,23.52,0.23,0.23
2022-12-25,44800,1049,43751,2.34,97.66,20.34,22.95,0.31,0.27
2022-12-24,69539,1597,67942,2.3,97.7,18.64,20.95,0.25,0.21
2022-12-23,87188,2323,84865,2.66,97.34,20.06,22.21,0.3,0.2
2022-12-22,93700,2387,91313,2.55,97.45,20.32,23.18,0.19,0.18
2022-12-21,103996,2509,101487,2.41,97.59,20.66,23.58,0.19,0.32
2022-12-20,106970,2374,104596,2.22,97.78,20.48,23.43,0.26,0.18
2022-12-19,101802,2239,99563,2.2,97.8,19.55,22.79,0.26,0.25
2022-12-18,96360,1327,95033,1.38,98.62,16.2,20.46,0.26,0.24
2022-12-17,119206,1800,117406,1.51,98.49,16.75,19.86,0.22,0.26
2022-12-16,120861,2101,118760,1.74,98.26,16.48,20.34,0.19,0.21
2022-12-15,124720,2152,122568,1.73,98.27,16.78,20.69,0.22,0.19
2022-12-14,123638,2047,121591,1.66,98.34,16.69,20.39,0.22,0.21
2022-12-13,118820,1939,116881,1.63,98.37,17.01,20.27,0.19,0.65
2022-12-12,106776,2000,104776,1.87,98.13,16.57,20.12,0.2,0.23
2022-12-11,100954,1495,99459,1.48,98.52,16.42,20.34,0.34,0.23
2022-12-10,123752,1885,121867,1.52,98.48,17.18,19.89,0.26,0.2
2022-12-09,128587,2100,126487,1.63,98.37,16.8,20.61,0.36,0.25
2022-12-08,127091,2270,124821,1.79,98.21,16.88,21.35,0.2,1.39
2022-12-07,119457,2026,117431,1.7,98.3,16.62,21.14,0.21,0.34
2022-12-06,114261,1816,112445,1.59,98.41,16.5,20.97,0.19,0.35
2022-12-05,107419,1840,105579,1.71,98.29,16.71,20.27,0.22,0.43
2022-12-04,104587,1480,103107,1.42,98.58,16.7,20.52,0.22,0.9
2022-12-03,123412,1590,121822,1.29,98.71,17.18,19.35,0.21,0.61
2022-12-02,123743,2048,121695,1.66,98.34,16.61,20.16,0.19,0.36
2022-12-01,124196,2135,122061,1.72,98.28,16.9,20.92,0.2,0.25
2022-11-30,111738,1946,109792,1.74,98.26,16.72,20.41,0.19,0.63
2022-11-29,113612,1874,111738,1.65,98.35,16.93,20.06,0.22,0.46
2022-11-28,99940,1900,98040,1.9,98.1,16.42,20.45,0.21,0.32
2022-11-27,84053,1342,82711,1.6,98.4,16.26,20.44,0.22,1.0
2022-11-26,93888,1486,92402,1.58,98.42,15.9,19.69,0.22,0.29
2022-11-25,82408,1425,80983,1.73,98.27,15.95,18.92,0.24,1.57
2022-11-24,66247,1194,65053,1.8,98.2,15.76,18.9,0.23,0.43
2022-11-23,100497,1845,98652,1.84,98.16,16.67,19.52,0.22,0.33
2022-11-22,108905,1867,107038,1.71,98.29,17.3,19.85,0.19,0.27
2022-11-21,103031,1777,101254,1.72,98.28,17.05,19.47,0.2,0.24
2022-11-20,76874,1265,75609,1.65,98.35,16.59,19.81,0.28,0.31
2022-11-19,90604,1445,89159,1.59,98.41,17.54,19.46,0.21,0.49
2022-11-18,90915,1826,89089,2.01,97.99,16.78,20.0,0.18,0.38
2022-11-17,90834,1755,89079,1.93,98.07,17.27,20.65,0.2,0.36
2022-11-16,88714,1698,87016,1.91,98.09,16.77,20.49,0.18,0.9
2022-11-15,86952,1717,85235,1.97,98.03,16.52,20.34,0.18,0.25
2022-11-14,77453,1544,75909,1.99,98.01,16.7,20.13,0.2,1.2
2022-11-13,106588,1420,105168,1.33,98.67,16.49,20.2,0.38,0.26
2022-11-12,124587,1591,122996,1.28,98.72,17.02,19.25,0.21,0.2
2022-11-11,110697,1762,108935,1.59,98.41,16.95,20.26,0.21,0.33
2022-11-10,126285,1993,124292,1.58,98.42,17.52,20.52,0.22,0.23
2022-11-09,123077,2014,121063,1.64,98.36,17.26,20.08,0.19,0.39
2022-11-08,115838,1836,114002,1.58,98.42,16.45,19.11,0.19,0.22
2022-11-07,105692,1855,103837,1.76,98.24,16.45,20.11,0.19,0.24
2022-11-06,96643,1139,95504,1.18,98.82,17.38,20.09,0.24,0.32
2022-11-05,124543,1668,122875,1.34,98.66,17.23,19.26,0.27,0.41
2022-11-04,123986,2049,121937,1.65,98.35,17.14,19.71,0.2,0.64
2022-11-03,124973,2025,122948,1.62,98.38,17.02,20.23,0.19,0.32
2022-11-02,120595,1992,118603,1.65,98.35,16.89,19.87,0.19,0.36
2022-11-01,114617,1863,112754,1.63,98.37,16.57,19.95,0.2,0.31
2022-10-31,96048,1750,94298,1.82,98.18,16.85,19.42,0.26,0.93
2022-10-30,101897,1460,100437,1.43,98.57,17.29,20.16,0.25,0.24
2022-10-29,121768,1722,120046,1.41,98.59,17.48,19.52,0.21,0.21
2022-10-28,125219,2040,123179,1.63,98.37,16.95,20.16,0.22,0.54
2022-10-27,126058,2148,123910,1.7,98.3,17.24,20.71,0.2,0.52
2022-10-26,122605,2046,120559,1.67,98.33,17.33,20.29,0.18,0.24
2022-10-25,117169,1859,115310,1.59,98.41,16.87,19.7,0.27,0.35
2022-10-24,105565,1928,103637,1.83,98.17,16.74,19.73,0.22,0.53
2022-10-23,99030,1475,97555,1.49,98.51,17.15,20.23,0.51,0.32
2022-10-22,122029,1667,120362,1.37,98.63,17.73,19.31,0.29,0.27
2022-10-21,122172,1906,120266,1.56,98.44,17.39,20.3,0.19,1.5
2022-10-20,126136,2130,124006,1.69,98.31,17.3,20.48,0.2,0.69
2022-10-19,123935,2059,121876,1.66,98.34,17.32,20.33,0.25,0.43
2022-10-18,119090,1939,117151,1.63,98.37,16.74,20.06,0.24,0.32
2022-10-17,105775,1850,103925,1.75,98.25,16.77,19.83,0.3,0.35
2022-10-16,102031,1501,100530,1.47,98.53,17.37,20.26,0.27,0.57
2022-10-15,121591,1797,119794,1.48,98.52,17.79,19.67,0.53,0.39
2022-10-14,120747,1967,118780,1.63,98.37,17.23,20.27,0.19,0.41
2022-10-13,122812,2053,120759,1.67,98.33,16.55,20.48,0.22,0.3
2022-10-12,119366,1944,117422,1.63,98.37,16.81,20.3,0.19,0.2
2022-10-11,113824,1845,111979,1.62,98.38,16.65,20.06,0.2,0.23
2022-10-10,88653,1629,87024,1.84,98.16,16.68,20.24,0.26,0.81
2022-10-09,92072,1437,90635,1.56,98.44,17.93,21.07,0.28,0.27
2022-10-08,116858,1707,115151,1.46,98.54,17.39,19.64,0.25,0.43
2022-10-07,118715,1914,116801,1.61,98.39,17.76,20.53,0.19,0.32
2022-10-06,117910,1990,115920,1.69,98.31,17.07,20.89,0.29,0.39
2022-10-05,109964,1847,108117,1.68,98.32,15.95,18.89,0.21,0.44
2022-10-04,105090,1815,103275,1.73,98.27,16.81,19.31,0.19,0.35
2022-10-03,103433,1932,101501,1.87,98.13,16.47,19.51,0.19,0.36
2022-10-02,89187,1329,87858,1.49,98.51,17.28,20.24,0.35,0.28
2022-10-01,112750,1598,111152,1.42,98.58,17.32,18.83,0.24,0.51
2022-09-30,118083,1975,116108,1.67,98.33,17.36,20.06,0.2,0.28
2022-09-29,121481,1992,119489,1.64,98.36,16.98,20.45,0.19,0.4
2022-09-28,117735,2064,115671,1.75,98.25,16.65,20.0,0.2,0.28
2022-09-27,108407,1838,106569,1.7,98.3,17.06,19.41,0.22,0.26
2022-09-26,91416,1730,89686,1.89,98.11,16.53,19.69,0.21,0.3
2022-09-25,93361,1438,91923,1.54,98.46,16.65,20.09,0.22,1.17
2022-09-24,112272,1692,110580,1.51,98.49,17.74,19.46,0.35,0.24
2022-09-23,112524,1958,110566,1.74,98.26,17.65,20.53,0.65,0.44
2022-09-22,103063,2110,100953,2.05,97.95,17.36,21.23,0.19,0.51
2022-09-21,96603,2127,94476,2.2,97.8,17.33,22.17,0.2,0.4
2022-09-20,100859,1925,98934,1.91,98.09,17.48,21.47,0.2,0.28
2022-09-19,99688,1839,97849,1.84,98.16,16.98,20.69,0.19,0.61
2022-09-18,5003,1379,3624,27.56,72.44,18.07,27.38,0.28,0.23
2022-09-17,57604,1707,55897,2.96,97.04,17.53,19.49,0.21,0.62
2022-09-16,119403,1961,117442,1.64,98.36,17.14,20.35,0.21,0.19
2022-09-15,121936,1964,119972,1.61,98.39,17.81,20.62,0.2,0.19
2022-09-14,118711,2027,116684,1.71,98.29,17.35,20.51,0.19,0.25
2022-09-13,116614,1869,114745,1.6,98.4,17.48,20.32,0.19,0.28
2022-09-12,104921,1850,103071,1.76,98.24,17.36,20.35,0.26,0.9
2022-09-11,95344,1452,93892,1.52,98.48,18.47,20.32,0.58,0.91
2022-09-10,112239,1698,110541,1.51,98.49,18.52,20.04,0.22,0.6
2022-09-09,119412,2033,117379,1.7,98.3,18.5,20.38,0.2,0.46
2022-09-08,119597,2348,117249,1.96,98.04,18.59,20.66,0.21,0.19
2022-09-07,114361,2026,112335,1.77,98.23,18.1,20.11,0.21,0.25
2022-09-06,97252,1861,95391,1.91,98.09,18.4,20.31,0.19,0.82
2022-09-05,74814,1552,73262,2.07,97.93,19.04,20.89,0.32,1.06
2022-09-04,83864,1320,82544,1.57,98.43,19.4,19.98,0.45,0.35
2022-09-03,92312,1525,90787,1.65,98.35,18.78,19.17,0.33,0.48
2022-09-02,98089,1864,96225,1.9,98.1,18.34,19.94,0.24,0.36
2022-09-01,102143,1910,100233,1.87,98.13,18.18,20.1,0.21,0.44
2022-08-31,101080,1864,99216,1.84,98.16,18.29,20.01,0.21,0.22
2022-08-30,100673,1922,98751,1.91,98.09,17.74,19.24,0.41,0.25
2022-08-29,86664,1767,84897,2.04,97.96,17.42,19.65,0.26,0.45
2022-08-28,82652,1354,81298,1.64,98.36,18.09,20.49,0.33,0.47
2022-08-27,98821,1535,97286,1.55,98.45,18.12,19.1,0.37,0.76
2022-08-26,101041,1810,99231,1.79,98.21,17.16,19.37,0.33,0.64
2022-08-25,104731,1848,102883,1.76,98.24,17.32,19.48,0.21,0.39
2022-08-24,103581,1832,101749,1.77,98.23,17.13,19.29,0.23,1.15
2022-08-23,100716,1812,98904,1.8,98.2,16.99,19.48,0.21,0.22
2022-08-22,87086,1758,85328,2.02,97.98,16.7,19.28,0.23,0.4
2022-08-21,81625,1454,80171,1.78,98.22,17.57,20.31,0.44,0.44
2022-08-20,96747,1586,95161,1.64,98.36,16.9,19.45,0.24,0.51
2022-08-19,100375,1775,98600,1.77,98.23,17.36,19.69,0.28,0.4
2022-08-18,104730,1842,102888,1.76,98.24,17.72,19.59,0.23,0.38
2022-08-17,102948,1808,101140,1.76,98.24,16.98,19.33,0.21,0.37
2022-08-16,100306,1754,98552,1.75,98.25,17.02,19.22,0.22,0.23
2022-08-15,88061,1678,86383,1.91,98.09,17.4,19.52,0.31,0.26
2022-08-14,80772,1407,79365,1.74,98.26,17.49,20.51,0.23,0.32
2022-08-13,96076,1532,94544,1.59,98.41,17.59,19.17,0.38,0.36
2022-08-12,103432,1831,101601,1.77,98.23,17.27,19.58,0.22,0.23
2022-08-11,110196,1989,108207,1.8,98.2,17.04,19.68,0.24,0.51
2022-08-10,82402,1814,80588,2.2,97.8,16.88,19.41,0.22,0.27
2022-08-09,108064,1744,106320,1.61,98.39,16.73,18.92,0.21,0.35
2022-08-08,93224,1784,91440,1.91,98.09,16.67,19.12,0.22,0.47
2022-08-07,82683,1349,81334,1.63,98.37,17.33,19.81,0.45,0.28
2022-08-06,100954,1433,99521,1.42,98.58,17.55,18.74,0.27,0.37
2022-08-05,103551,1897,101654,1.83,98.17,17.07,19.37,0.21,0.52
2022-08-04,108976,1871,107105,1.72,98.28,17.32,19.45,0.44,0.53
2022-08-03,106973,1752,105221,1.64,98.36,16.82,19.15,0.24,0.23
2022-08-02,104283,1753,102530,1.68,98.32,16.92,18.97,0.26,0.5
2022-08-01,88044,1798,86246,2.04,97.96,16.79,19.59,0.21,0.47
2022-07-31,82981,1389,81592,1.67,98.33,17.53,19.98,0.33,0.3
2022-07-30,98264,1616,96648,1.64,98.36,17.64,18.97,0.37,0.26
2022-07-29,105753,1805,103948,1.71,98.29,17.48,19.63,0.2,0.35
2022-07-28,112284,1864,110420,1.66,98.34,17.07,19.46,0.21,0.43
2022-07-27,111481,1891,109590,1.7,98.3,17.11,19.43,0.2,0.21
2022-07-26,106660,1790,104870,1.68,98.32,17.35,19.56,0.23,0.34
2022-07-25,91421,1721,89700,1.88,98.12,16.73,19.27,0.2,0.34
2022-07-24,86495,1394,85101,1.61,98.39,17.36,19.49,0.35,0.68
2022-07-23,100126,1530,98596,1.53,98.47,16.84,18.75,0.23,0.24
2022-07-22,104884,1884,103000,1.8,98.2,17.07,19.38,0.27,0.58
2022-07-21,112166,1834,110332,1.64,98.36,17.27,19.66,0.22,0.23
2022-07-20,114507,1848,112659,1.61,98.39,16.87,19.57,0.3,0.58
2022-07-19,110622,1830,108792,1.65,98.35,16.95,19.46,0.2,0.36
2022-07-18,93069,1660,91409,1.78,98.22,16.67,19.45,0.21,0.48
2022-07-17,86103,1306,84797,1.52,98.48,17.13,20.12,0.24,0.27
2022-07-16,102632,1558,101074,1.52,98.48,17.71,19.06,0.22,0.41
2022-07-15,106361,1944,104417,1.83,98.17,16.52,19.55,0.22,0.33
2022-07-14,113854,1878,111976,1.65,98.35,17.15,19.64,0.2,0.45
2022-07-13,113782,1860,111922,1.63,98.37,16.95,19.5,0.21,0.24
2022-07-12,108802,1719,107083,1.58,98.42,17.22,19.27,0.21,0.22
2022-07-11,93072,1804,91268,1.94,98.06,16.7,19.47,0.22,0.58
2022-07-10,80707,1225,79482,1.52,98.48,16.82,20.09,0.27,0.34
2022-07-09,92574,1178,91396,1.27,98.73,17.31,18.82,0.32,0.37
2022-07-08,100178,1614,98564,1.61,98.39,17.13,19.22,0.21,0.58
2022-07-07,104224,1809,102415,1.74,98.26,16.99,19.1,0.22,0.22
2022-07-06,99988,1813,98175,1.81,98.19,16.44,18.95,0.2,0.32
2022-07-05,90469,1698,88771,1.88,98.12,16.3,19.28,0.24,0.31
2022-07-04,61189,1191,59998,1.95,98.05,17.3,20.15,0.24,0.54
2022-07-03,71096,1176,69920,1.65,98.35,17.11,19.15,0.26,0.3
2022-07-02,82971,1494,81477,1.8,98.2,16.53,18.53,0.24,0.45
2022-07-01,97196,1883,95313,1.94,98.06,16.6,19.45,0.23,0.34
2022-06-30,109455,1896,107559,1.73,98.27,16.88,19.69,0.2,0.37
2022-06-29,112818,1951,110867,1.73,98.27,16.98,19.46,0.23,0.32
2022-06-28,109875,1859,108016,1.69,98.31,17.15,19.53,0.21,0.52
2022-06-27,99517,1876,97641,1.89,98.11,16.79,19.61,0.24,0.59
2022-06-26,87609,1598,86011,1.82,98.18,17.21,20.54,0.27,0.84
2022-06-25,114766,1758,113008,1.53,98.47,17.35,19.06,0.22,0.67
2022-06-24,118790,2090,116700,1.76,98.24,17.43,19.99,0.28,0.98
2022-06-23,124826,2186,122640,1.75,98.25,17.14,20.17,0.2,0.55
2022-06-22,118377,2080,116297,1.76,98.24,17.06,19.77,0.3,0.88
2022-06-21,116662,1971,114691,1.69,98.31,16.57,19.96,0.21,0.76
2022-06-20,95195,1598,93597,1.68,98.32,17.25,19.76,0.23,0.91
2022-06-19,93422,1527,91895,1.63,98.37,17.15,19.85,0.35,0.87
2022-06-18,110749,1737,109012,1.57,98.43,16.97,19.15,2.68,0.82
2022-06-17,119086,2075,117011,1.74,98.26,17.18,20.06,0.24,0.8
2022-06-16,123666,2114,121552,1.71,98.29,17.05,19.87,0.21,0.69
2022-06-15,125090,2175,122915,1.74,98.26,17.22,20.07,0.68,0.73
2022-06-14,120239,1977,118262,1.64,98.36,17.21,19.99,0.24,0.8
2022-06-13,112910,2012,110898,1.78,98.22,16.86,19.63,0.23,0.76
2022-06-12,93500,1554,91946,1.66,98.34,17.44,20.4,0.61,1.1
2022-06-11,116345,1864,114481,1.6,98.4,17.47,19.34,0.42,0.73
2022-06-10,122974,2211,120763,1.8,98.2,17.7,19.96,0.21,0.88
2022-06-09,127450,2214,125236,1.74,98.26,16.98,20.09,0.19,1.26
2022-06-08,124444,2083,122361,1.67,98.33,16.77,19.96,0.19,1.18
2022-06-07,122700,1983,120717,1.62,98.38,16.75,19.54,0.19,0.99
2022-06-06,106895,1876,105019,1.75,98.25,16.76,19.39,0.22,1.32
2022-06-05,96277,1552,94725,1.61,98.39,17.17,20.39,0.24,1.3
2022-06-04,117509,1581,115928,1.35,98.65,16.97,18.94,0.22,0.92
2022-06-03,119129,1937,117192,1.63,98.37,17.41,19.73,0.18,0.88
2022-06-02,120487,2064,118423,1.71,98.29,17.43,19.93,0.18,0.22
2022-06-01,117689,2099,115590,1.78,98.22,17.13,19.69,0.18,0.36
2022-05-31,108564,1963,106601,1.81,98.19,17.27,19.62,0.21,0.45
2022-05-30,78333,1445,76888,1.84,98.16,17.4,20.22,0.33,0.47
2022-05-29,87369,1489,85880,1.7,98.3,17.01,19.93,0.25,0.38
2022-05-28,94543,1583,92960,1.67,98.33,16.73,19.23,0.37,0.44
2022-05-27,105246,1972,103274,1.87,98.13,17.0,19.72,0.25,0.27
2022-05-26,116254,2264,113990,1.95,98.05,17.02,20.09,0.19,0.23
2022-05-25,117279,2107,115172,1.8,98.2,17.25,20.33,0.18,0.55
2022-05-24,116053,1955,114098,1.68,98.32,17.11,20.04,0.19,0.32
2022-05-23,104842,1862,102980,1.78,98.22,17.19,20.13,0.22,0.45
2022-05-22,95629,1527,94102,1.6,98.4,17.53,20.85,0.22,0.33
2022-05-21,118400,1904,116496,1.61,98.39,17.68,20.0,0.22,0.3
2022-05-20,118135,2145,115990,1.82,98.18,17.59,20.39,0.28,0.36
2022-05-19,123114,2201,120913,1.79,98.21,17.65,20.81,0.27,0.67
2022-05-18,120156,2114,118042,1.76,98.24,17.79,20.65,0.26,0.25
2022-05-17,117766,2080,115686,1.77,98.23,17.8,20.91,0.19,0.37
2022-05-16,108418,2098,106320,1.94,98.06,16.6,19.69,0.25,0.61
2022-05-15,100920,1636,99284,1.62,98.38,17.39,20.41,0.23,0.57
2022-05-14,120801,1897,118904,1.57,98.43,17.55,19.36,0.34,0.41
2022-05-13,124275,2199,122076,1.77,98.23,17.45,19.94,0.22,0.31
2022-05-12,127976,2289,125687,1.79,98.21,17.16,19.83,0.21,0.39
2022-05-11,123145,2122,121023,1.72,98.28,16.78,19.59,0.22,0.54
2022-05-10,116928,2026,114902,1.73,98.27,17.45,19.56,0.19,0.42
2022-05-09,102852,1922,100930,1.87,98.13,16.59,19.56,0.2,0.39
2022-05-08,98618,1654,96964,1.68,98.32,16.27,19.5,0.22,0.43
2022-05-07,114117,1841,112276,1.61,98.39,16.0,18.29,0.22,0.46
2022-05-06,123046,2168,120878,1.76,98.24,16.97,19.72,0.22,0.41
2022-05-05,127357,2251,125106,1.77,98.23,17.06,19.85,0.2,1.3
2022-05-04,121297,2178,119119,1.8,98.2,16.45,19.38,0.2,0.3
2022-05-03,116252,2096,114156,1.8,98.2,16.52,19.53,0.22,0.37
2022-05-02,90604,1313,89291,1.45,98.55,16.45,19.55,0.23,0.27
2022-05-01,94684,1623,93061,1.71,98.29,17.14,20.33,0.35,0.47
2022-04-30,123788,1919,121869,1.55,98.45,17.01,19.16,0.21,0.38
2022-04-29,124022,2139,121883,1.72,98.28,16.98,19.59,0.2,0.62
2022-04-28,124376,2080,122296,1.67,98.33,17.18,19.89,0.22,0.39
2022-04-27,123568,2198,121370,1.78,98.22,17.14,19.6,0.19,0.26
2022-04-26,116277,2010,114267,1.73,98.27,16.52,19.37,0.2,0.49
2022-04-25,102118,2061,100057,2.02,97.98,16.09,19.39,0.21,0.26
2022-04-24,98842,1727,97115,1.75,98.25,17.22,19.93,0.27,0.33
2022-04-23,120563,2157,118406,1.79,98.21,17.38,19.18,0.21,0.4
2022-04-22,123807,2151,121656,1.74,98.26,16.7,19.05,0.54,0.47
2022-04-21,123469,2139,121330,1.73,98.27,17.04,19.31,0.22,0.22
2022-04-20,117832,2203,115629,1.87,98.13,17.38,19.49,0.21,0.35
2022-04-19,114683,2183,112500,1.9,98.1,16.61,19.0,0.22,0.28
2022-04-18,99023,2063,96960,2.08,97.92,16.02,19.1,0.2,0.42
2022-04-17,92158,1738,90420,1.89,98.11,16.39,18.99,0.28,0.43
2022-04-16,111804,1850,109954,1.65,98.35,16.34,18.15,0.24,0.26
2022-04-15,117243,1994,115249,1.7,98.3,16.84,19.15,0.2,0.33
2022-04-14,123804,2205,121599,1.78,98.22,17.12,19.62,0.2,0.31
2022-04-13,118248,2190,116058,1.85,98.15,17.48,19.94,0.26,0.34
2022-04-12,113670,2216,111454,1.95,98.05,17.58,20.92,0.22,0.78
2022-04-11,103050,1941,101109,1.88,98.12,16.7,19.38,0.22,0.34
2022-04-10,104950,1673,103277,1.59,98.41,16.81,19.32,0.29,0.34
2022-04-09,124330,1934,122396,1.56,98.44,16.62,18.79,0.21,0.72
2022-04-08,125708,2238,123470,1.78,98.22,16.87,19.55,0.21,0.35
2022-04-07,125088,2308,122780,1.85,98.15,16.47,19.28,0.18,0.25
2022-04-06,120546,2054,118492,1.7,98.3,16.5,19.17,0.26,0.57
2022-04-05,118278,2250,116028,1.9,98.1,16.38,19.0,0.22,0.32
2022-04-04,105430,2059,103371,1.95,98.05,15.77,19.15,0.2,0.28
2022-04-03,99447,1625,97822,1.63,98.37,15.91,19.23,0.25,0.54
2022-04-02,123905,1900,122005,1.53,98.47,16.73,18.56,0.27,0.27
2022-04-01,130781,2288,128493,1.75,98.25,16.74,19.2,0.28,0.34
2022-03-31,124183,2183,122000,1.76,98.24,16.87,19.26,0.22,0.32
2022-03-30,122803,2199,120604,1.79,98.21,16.21,18.87,0.2,0.35
2022-03-29,120551,2329,118222,1.93,98.07,16.13,18.77,0.19,0.28
2022-03-28,108221,2137,106084,1.97,98.03,15.95,18.81,0.2,0.27
2022-03-27,102575,1736,100839,1.69,98.31,16.33,19.17,0.27,0.36
2022-03-26,123610,2001,121609,1.62,98.38,16.82,18.22,0.22,0.65
2022-03-25,119832,2377,117455,1.98,98.02,16.6,19.21,0.21,0.36
2022-03-24,120549,2329,118220,1.93,98.07,16.28,18.83,0.2,0.59
2022-03-23,118714,2349,116365,1.98,98.02,16.24,18.69,0.24,0.36
2022-03-22,109963,2083,107880,1.89,98.11,16.27,18.95,0.2,0.28
2022-03-21,96021,1921,94100,2.0,98.0,16.52,19.24,0.21,0.36
2022-03-20,95004,1617,93387,1.7,98.3,16.96,20.17,0.36,0.31
2022-03-19,116792,1880,114912,1.61,98.39,16.99,18.55,0.26,0.52
2022-03-18,123143,2142,121001,1.74,98.26,16.51,19.5,0.26,0.37
2022-03-17,112177,2274,109903,2.03,97.97,16.53,19.36,0.19,0.29
2022-03-16,116070,2103,113967,1.81,98.19,16.74,19.21,0.29,0.41
2022-03-15,109104,1893,107211,1.74,98.26,16.86,19.11,0.2,0.46
2022-03-14,94763,1920,92843,2.03,97.97,15.84,19.3,0.2,0.73
2022-03-13,95984,1585,94399,1.65,98.35,16.06,18.97,0.35,0.31
2022-03-12,118280,1784,116496,1.51,98.49,15.91,17.45,0.28,0.35
2022-03-11,125040,2314,122726,1.85,98.15,16.49,19.07,0.2,0.5
2022-03-10,121204,2323,118881,1.92,98.08,17.01,19.51,0.6,0.25
2022-03-09,117010,2242,114768,1.92,98.08,16.5,18.87,0.19,0.74
2022-03-08,114295,2190,112105,1.92,98.08,16.25,18.74,0.19,0.29
2022-03-07,96426,2052,94374,2.13,97.87,16.19,18.87,0.2,0.5
2022-03-06,91828,1530,90298,1.67,98.33,16.53,19.18,0.32,0.68
2022-03-05,117351,1865,115486,1.59,98.41,16.08,18.03,0.23,0.21
2022-03-04,124928,2264,122664,1.81,98.19,16.28,18.72,0.19,0.34
2022-03-03,125920,2289,123631,1.82,98.18,16.33,18.63,0.19,0.26
2022-03-02,116905,2140,114765,1.83,98.17,16.63,18.6,0.2,0.3
2022-03-01,111052,2167,108885,1.95,98.05,16.07,18.7,0.21,0.24
2022-02-28,101123,4122,97001,4.08,95.92,15.9,18.81,0.28,0.25
2022-02-27,98189,3248,94941,3.31,96.69,16.7,19.22,0.23,0.83
2022-02-26,122032,3849,118183,3.15,96.85,16.27,18.09,0.23,0.34
2022-02-25,117240,4331,112909,3.69,96.31,16.05,18.1,0.78,0.35
2022-02-24,119346,4584,114762,3.84,96.16,16.22,18.48,0.2,0.46
2022-02-23,111985,4640,107345,4.14,95.86,16.25,18.48,0.2,0.33
2022-02-22,100752,4102,96650,4.07,95.93,16.24,18.49,0.2,0.26
2022-02-21,83939,3470,80469,4.13,95.87,16.34,18.99,0.24,0.29
2022-02-20,93952,3060,90892,3.26,96.74,16.41,18.52,0.31,0.76
2022-02-19,113452,3748,109704,3.3,96.7,15.95,17.78,0.22,0.45
2022-02-18,115376,4822,110554,4.18,95.82,16.55,18.84,0.19,0.28
2022-02-17,113031,4762,108269,4.21,95.79,16.13,18.31,0.19,0.36
2022-02-16,110349,4350,105999,3.94,96.06,16.28,18.05,0.19,0.43
2022-02-15,110251,4237,106014,3.84,96.16,15.98,18.07,0.18,0.7
2022-02-14,110195,4496,105699,4.08,95.92,15.84,17.91,0.22,0.59
2022-02-13,91665,2730,88935,2.98,97.02,15.56,18.13,0.29,0.35
2022-02-12,119401,3988,115413,3.34,96.66,16.24,18.1,0.29,0.97
2022-02-11,117164,4586,112578,3.91,96.09,16.26,18.47,0.26,0.28
2022-02-10,112646,4370,108276,3.88,96.12,16.27,18.24,0.26,0.26
2022-02-09,106501,4237,102264,3.98,96.02,15.94,17.84,0.18,0.29
2022-02-08,102969,3949,99020,3.84,96.16,15.86,17.81,0.18,0.44
2022-02-07,88515,3874,84641,4.38,95.62,15.72,18.27,0.19,0.23
2022-02-06,86704,2792,83912,3.22,96.78,15.77,18.22,0.25,0.4
2022-02-05,117109,4210,112899,3.59,96.41,15.61,17.27,0.25,0.8
2022-02-04,110749,4442,106307,4.01,95.99,15.53,17.31,0.2,0.57
2022-02-03,104730,4288,100442,4.09,95.91,16.11,18.21,0.18,0.22
2022-02-02,92867,4108,88759,4.42,95.58,16.27,18.83,0.19,0.68
2022-02-01,92610,3878,88732,4.19,95.81,16.06,18.53,0.18,0.33
2022-01-31,81813,6,81807,0.01,99.99,13.75,18.72,0.31,0.51
2022-01-30,67525,0,67525,0.0,100.0,,18.29,,1.16
2022-01-29,33255,2,33253,0.01,99.99,18.3,16.85,0.19,4.08
2022-01-28,91670,4,91666,0.0,100.0,11.05,18.39,0.18,0.53
2022-01-27,96160,0,96160,0.0,100.0,,18.11,,0.27
2022-01-26,93364,0,93364,0.0,100.0,,17.25,,1.6
2022-01-25,84157,4,84153,0.0,100.0,10.8,17.3,0.14,0.22
2022-01-24,75242,0,75242,0.0,100.0,,17.56,,0.29
2022-01-23,73415,0,73415,0.0,100.0,,18.14,,0.26
2022-01-22,93064,0,93064,0.0,100.0,,16.94,,0.25
2022-01-21,97348,0,97348,0.0,100.0,,17.28,,0.58
2022-01-20,87465,0,87465,0.0,100.0,,17.26,,0.55
2022-01-19,83327,2,83325,0.0,100.0,5.8,17.37,0.14,0.28
2022-01-18,81098,0,81098,0.0,100.0,,17.71,,0.62
2022-01-17,59932,2,59930,0.0,100.0,9.8,18.37,0.17,0.38
2022-01-16,69388,0,69388,0.0,100.0,,17.59,,0.4
2022-01-15,85276,0,85276,0.0,100.0,,17.07,,1.16
2022-01-14,89855,0,89855,0.0,100.0,,17.68,,0.65
2022-01-13,81665,0,81665,0.0,100.0,,17.55,,0.25
2022-01-12,77296,2,77294,0.0,100.0,8.3,17.23,0.18,0.26
2022-01-11,74645,6,74639,0.01,99.99,9.3,16.96,0.18,0.7
2022-01-10,70350,10,70340,0.01,99.99,11.75,17.42,0.15,0.32
2022-01-09,60687,0,60687,0.0,100.0,,18.24,,0.39
2022-01-08,79794,0,79794,0.0,100.0,,17.28,,0.24
2022-01-07,68596,0,68596,0.0,100.0,,17.06,,0.26
2022-01-06,76465,0,76465,0.0,100.0,,17.35,,0.38
2022-01-05,70941,0,70941,0.0,100.0,,17.7,,0.43
2022-01-04,70690,0,70690,0.0,100.0,,18.01,,0.27
2022-01-03,67555,0,67555,0.0,100.0,,18.45,,0.63
2022-01-02,54108,0,54108,0.0,100.0,,19.92,,0.41
2022-01-01,59546,0,59546,0.0,100.0,,18.94,,0.55
2021-12-31,68291,1715,66576,2.51,97.49,16.68,18.38,0.24,0.88
2021-12-30,75432,1984,73448,2.63,97.37,16.47,19.05,0.22,0.42
2021-12-29,72552,1871,70681,2.58,97.42,17.06,19.01,0.23,0.27
2021-12-28,72419,1806,70613,2.49,97.51,16.84,19.09,0.23,0.26
2021-12-27,67251,1737,65514,2.58,97.42,15.82,19.08,0.22,0.39
2021-12-26,52519,1190,51329,2.27,97.73,16.6,20.18,0.25,0.39
2021-12-25,39149,892,38257,2.28,97.72,17.85,19.37,0.27,1.19
2021-12-24,67795,1739,66056,2.57,97.43,16.34,17.5,0.23,0.5
2021-12-23,85307,2173,83134,2.55,97.45,16.62,18.33,0.2,0.29
2021-12-22,88970,2175,86795,2.44,97.56,17.04,18.42,0.24,0.45
2021-12-21,90305,2119,88186,2.35,97.65,17.01,18.5,0.21,0.5
2021-12-20,91328,2244,89084,2.46,97.54,16.63,18.73,0.2,0.7
2021-12-19,87887,1729,86158,1.97,98.03,16.3,19.16,0.24,0.57
2021-12-18,107244,2181,105063,2.03,97.97,16.99,18.31,0.21,0.28
2021-12-17,119955,2526,117429,2.11,97.89,17.63,19.37,0.22,0.25
2021-12-16,122529,2578,119951,2.1,97.9,17.77,19.5,0.26,0.29
2021-12-15,121913,2560,119353,2.1,97.9,17.39,19.24,0.19,0.42
2021-12-14,117448,2420,115028,2.06,97.94,17.37,19.16,0.19,0.48
2021-12-13,108124,2482,105642,2.3,97.7,17.3,19.33,0.2,0.26
2021-12-12,102787,1960,100827,1.91,98.09,16.79,20.02,0.38,0.43
2021-12-11,126866,2387,124479,1.88,98.12,17.38,19.05,0.3,0.51
2021-12-10,129420,2715,126705,2.1,97.9,17.45,19.86,0.21,0.28
2021-12-09,131294,2749,128545,2.09,97.91,17.71,19.92,0.19,0.38
2021-12-08,128416,2661,125755,2.07,97.93,17.18,19.5,0.21,0.42
2021-12-07,123367,2503,120864,2.03,97.97,17.09,19.07,0.2,0.33
2021-12-06,108811,2429,106382,2.23,97.77,17.18,19.39,0.22,0.55
2021-12-05,105298,1944,103354,1.85,98.15,16.96,19.87,0.27,0.34
2021-12-04,129328,2326,127002,1.8,98.2,17.53,18.92,0.21,0.61
2021-12-03,132600,2650,129950,2.0,98.0,17.56,19.36,0.19,0.55
2021-12-02,125122,2530,122592,2.02,97.98,18.03,19.77,0.2,0.38
2021-12-01,119062,2473,116589,2.08,97.92,17.5,19.59,0.26,0.5
2021-11-30,116128,2235,113893,1.92,98.08,17.97,19.48,0.21,0.25
2021-11-29,103533,2335,101198,2.26,97.74,17.24,19.44,0.19,0.36
2021-11-28,86641,1639,85002,1.89,98.11,16.77,19.86,0.23,0.31
2021-11-27,101539,2036,99503,2.01,97.99,16.74,18.76,0.22,0.51
2021-11-26,87750,1822,85928,2.08,97.92,16.48,18.43,0.23,0.38
2021-11-25,68319,1527,66792,2.24,97.76,17.14,18.9,0.24,0.71
2021-11-24,105274,2347,102927,2.23,97.77,17.76,19.27,0.23,1.66
2021-11-23,117108,2547,114561,2.17,97.83,17.77,19.43,0.21,0.36
2021-11-22,109501,2394,107107,2.19,97.81,17.37,19.02,0.19,0.69
2021-11-21,101426,1904,99522,1.88,98.12,17.39,19.33,0.3,0.73
2021-11-20,128156,2351,125805,1.83,98.17,17.54,18.72,0.21,0.38
2021-11-19,131529,2538,128991,1.93,98.07,17.94,19.29,0.2,0.39
2021-11-18,129912,2508,127404,1.93,98.07,18.04,19.4,0.18,1.18
2021-11-17,123582,2429,121153,1.97,98.03,17.83,19.25,0.19,0.35
2021-11-16,119818,2397,117421,2.0,98.0,17.43,19.16,0.21,1.11
2021-11-15,111324,2415,108909,2.17,97.83,17.25,19.17,0.19,0.47
2021-11-14,105487,1930,103557,1.83,98.17,17.83,19.52,0.3,0.38
2021-11-13,129584,2397,127187,1.85,98.15,17.55,18.62,0.21,0.31
2021-11-12,125122,2618,122504,2.09,97.91,17.24,19.16,0.19,0.35
2021-11-11,120232,2366,117866,1.97,98.03,17.81,19.6,0.2,0.26
2021-11-10,123959,2538,121421,2.05,97.95,17.99,19.47,0.18,0.39
2021-11-09,116076,2246,113830,1.93,98.07,17.7,19.09,0.19,0.47
2021-11-08,103391,2286,101105,2.21,97.79,17.52,19.44,0.21,0.49
2021-11-07,95451,1568,93883,1.64,98.36,17.66,19.77,0.24,0.37
2021-11-06,128953,2234,126719,1.73,98.27,17.13,18.29,0.22,0.37
2021-11-05,126750,2447,124303,1.93,98.07,17.74,19.32,0.19,0.47
2021-11-04,125374,2511,122863,2.0,98.0,17.25,19.24,0.26,0.29
2021-11-03,119631,2360,117271,1.97,98.03,17.49,18.8,0.18,0.26
2021-11-02,113665,2080,111585,1.83,98.17,17.14,18.06,0.28,0.31
2021-11-01,103564,2384,101180,2.3,97.7,17.34,19.27,0.27,0.38
2021-10-31,99227,1709,97518,1.72,98.28,17.09,19.18,0.38,0.57
2021-10-30,117324,2072,115252,1.77,98.23,18.2,18.41,0.22,0.53
2021-10-29,127584,2524,125060,1.98,98.02,17.24,18.98,0.18,0.43
2021-10-28,122985,2568,120417,2.09,97.91,18.13,19.41,0.18,0.28
2021-10-27,117734,2475,115259,2.1,97.9,17.63,19.13,0.22,0.36
2021-10-26,99547,2029,97518,2.04,97.96,17.06,18.51,0.2,1.96
2021-10-25,97277,2297,94980,2.36,97.64,17.5,19.04,0.19,0.42
2021-10-24,95547,1759,93788,1.84,98.16,16.67,19.21,0.23,0.94
2021-10-23,117340,2133,115207,1.82,98.18,17.19,18.58,0.32,0.38
2021-10-22,119828,2472,117356,2.06,97.94,17.71,19.28,0.19,1.14
2021-10-21,119813,2472,117341,2.06,97.94,17.87,19.34,0.18,0.33
2021-10-20,116441,2339,114102,2.01,97.99,17.37,18.84,0.19,0.28
2021-10-19,108441,2204,106237,2.03,97.97,18.07,18.77,0.21,0.37
2021-10-18,100892,2203,98689,2.18,97.82,17.44,18.93,0.24,0.26
2021-10-17,97078,1676,95402,1.73,98.27,17.26,19.23,0.22,0.46
2021-10-16,119495,2160,117335,1.81,98.19,16.83,18.24,0.27,0.47
2021-10-15,120723,2471,118252,2.05,97.95,17.44,19.35,0.18,0.42
2021-10-14,118841,2427,116414,2.04,97.96,17.93,19.24,0.18,0.54
2021-10-13,110368,2349,108019,2.13,97.87,17.35,18.91,0.21,0.36
2021-10-12,105598,2154,103444,2.04,97.96,17.5,18.85,1.1,0.37
2021-10-11,83839,1770,82069,2.11,97.89,17.79,19.1,0.24,0.27
2021-10-10,90776,1595,89181,1.76,98.24,17.39,19.03,0.3,0.3
2021-10-09,114253,2057,112196,1.8,98.2,17.56,18.39,0.29,0.3
2021-10-08,116716,2416,114300,2.07,97.93,17.82,19.22,0.2,0.4
2021-10-07,115129,2272,112857,1.97,98.03,18.45,19.27,0.2,0.24
2021-10-06,110419,2193,108226,1.99,98.01,17.73,18.84,0.19,0.26
2021-10-05,104382,2068,102314,1.98,98.02,17.75,18.54,0.19,0.21
2021-10-04,93977,2119,91858,2.25,97.75,17.19,19.01,0.2,0.56
2021-10-03,87940,1638,86302,1.86,98.14,17.78,19.78,0.46,0.35
2021-10-02,112771,2109,110662,1.87,98.13,17.43,18.54,0.22,0.44
2021-10-01,113769,2270,111499,2.0,98.0,17.57,19.25,0.21,0.62
2021-09-30,111908,2227,109681,1.99,98.01,18.25,19.18,0.23,0.28
2021-09-29,105846,2182,103664,2.06,97.94,18.13,18.52,0.2,0.32
2021-09-28,99015,2175,96840,2.2,97.8,17.94,18.21,0.2,0.39
2021-09-27,90902,2065,88837,2.27,97.73,17.27,18.86,0.35,0.3
2021-09-26,87742,1396,86346,1.59,98.41,18.79,19.35,0.41,0.37
2021-09-25,110550,1958,108592,1.77,98.23,18.44,18.72,0.35,0.4
2021-09-24,105821,2258,103563,2.13,97.87,18.44,20.0,0.91,0.34
2021-09-23,101439,2218,99221,2.19,97.81,17.8,19.51,0.29,0.28
2021-09-22,103447,2127,101320,2.06,97.94,17.72,18.77,0.21,0.28
2021-09-21,97436,1982,95454,2.03,97.97,17.34,18.99,0.33,0.41
2021-09-20,89370,1976,87394,2.21,97.79,16.97,19.63,0.19,0.43
2021-09-19,85275,1503,83772,1.76,98.24,17.74,19.57,0.37,0.32
2021-09-18,108845,1846,106999,1.7,98.3,18.25,18.52,0.3,0.26
2021-09-17,107712,2148,105564,1.99,98.01,18.4,19.4,0.28,1.4
2021-09-16,99896,1874,98022,1.88,98.12,17.23,18.28,0.23,0.34
2021-09-15,104247,2022,102225,1.94,98.06,17.69,18.62,0.23,0.42
2021-09-14,99571,1867,97704,1.88,98.12,18.57,18.92,0.19,0.37
2021-09-13,90345,1823,88522,2.02,97.98,18.06,19.54,0.19,1.14
2021-09-12,81675,1398,80277,1.71,98.29,18.39,19.75,0.24,0.44
2021-09-11,102299,1703,100596,1.66,98.34,18.58,18.57,0.22,0.31
2021-09-10,103667,1906,101761,1.84,98.16,19.26,19.7,0.2,0.52
2021-09-09,101576,2008,99568,1.98,98.02,19.95,19.9,0.21,0.27
2021-09-08,98667,1952,96715,1.98,98.02,18.71,18.74,0.34,0.44
2021-09-07,84965,1726,83239,2.03,97.97,19.31,18.85,0.25,0.47
2021-09-06,67784,1332,66452,1.97,98.03,19.5,19.44,0.29,0.49
2021-09-05,70632,1113,69519,1.58,98.42,19.77,19.39,0.28,0.42
2021-09-04,84953,1335,83618,1.57,98.43,19.53,18.82,0.25,0.54
2021-09-03,91056,1723,89333,1.89,98.11,19.03,19.7,0.22,0.36
2021-09-02,87428,1426,86002,1.63,98.37,22.26,20.46,1.35,0.5
2021-09-01,85330,1521,83809,1.78,98.22,18.77,18.47,0.46,0.35
2021-08-31,91009,1604,89405,1.76,98.24,18.31,18.57,0.21,0.47
2021-08-30,81105,1590,79515,1.96,98.04,18.08,18.84,0.32,0.84
2021-08-29,69445,1127,68318,1.62,98.38,17.15,20.31,0.27,0.54
2021-08-28,86127,1387,84740,1.61,98.39,16.94,18.6,0.22,0.62
2021-08-27,93210,1610,91600,1.73,98.27,16.53,18.87,0.26,0.56
2021-08-26,97759,1580,96179,1.62,98.38,17.43,18.55,0.23,0.5
2021-08-25,95431,1606,93825,1.68,98.32,17.23,18.34,0.21,0.46
2021-08-24,91024,1535,89489,1.69,98.31,17.69,18.44,0.2,0.32
2021-08-23,77633,1473,76160,1.9,98.1,17.44,18.81,0.32,0.39
2021-08-22,50209,594,49615,1.18,98.82,16.16,19.68,0.25,0.82
2021-08-21,95694,1538,94156,1.61,98.39,16.51,18.57,0.24,0.38
2021-08-20,95842,1663,94179,1.74,98.26,17.36,18.84,0.25,0.82
2021-08-19,96284,1619,94665,1.68,98.32,17.44,18.78,0.2,0.42
2021-08-18,93091,1501,91590,1.61,98.39,17.76,18.31,0.21,0.56
2021-08-17,89049,1482,87567,1.66,98.34,17.5,18.23,0.21,0.42
2021-08-16,79031,1371,77660,1.73,98.27,16.64,18.69,0.23,0.42
2021-08-15,73552,1153,72399,1.57,98.43,17.12,19.38,0.25,0.55
2021-08-14,88892,1448,87444,1.63,98.37,16.77,18.49,0.23,0.55
2021-08-13,95670,1699,93971,1.78,98.22,17.25,18.71,0.21,0.77
2021-08-12,96047,1631,94416,1.7,98.3,17.86,18.81,0.2,2.12
2021-08-11,98166,1613,96553,1.64,98.36,17.32,18.03,0.32,0.34
2021-08-10,93844,1683,92161,1.79,98.21,17.41,18.1,0.21,0.51
2021-08-09,80091,1489,78602,1.86,98.14,16.87,18.64,0.23,0.44
2021-08-08,71491,1164,70327,1.63,98.37,16.4,19.15,0.31,0.3
2021-08-07,87920,1464,86456,1.67,98.33,16.42,18.51,0.26,0.52
2021-08-06,94540,1598,92942,1.69,98.31,17.49,18.79,0.22,0.78
2021-08-05,96505,1677,94828,1.74,98.26,17.26,18.59,0.21,0.41
2021-08-04,95029,1608,93421,1.69,98.31,17.63,18.41,0.22,0.33
2021-08-03,91135,1497,89638,1.64,98.36,17.33,18.41,0.25,0.39
2021-08-02,80330,1508,78822,1.88,98.12,16.25,18.71,0.22,0.3
2021-08-01,69949,1024,68925,1.46,98.54,16.98,19.24,0.23,0.92
2021-07-31,90696,1505,89191,1.66,98.34,17.07,18.71,0.23,0.52
2021-07-30,95793,1654,94139,1.73,98.27,17.15,19.0,0.2,0.27
2021-07-29,96935,1637,95298,1.69,98.31,17.58,18.62,0.26,0.44
2021-07-28,97135,1614,95521,1.66,98.34,17.22,18.41,0.25,0.38
2021-07-27,96708,1518,95190,1.57,98.43,17.17,18.07,0.2,0.38
2021-07-26,86229,1614,84615,1.87,98.13,17.47,18.61,0.21,0.55
2021-07-25,72570,1048,71522,1.44,98.56,16.31,19.06,0.32,0.64
2021-07-24,90606,1453,89153,1.6,98.4,16.5,18.69,0.28,0.42
2021-07-23,95889,1633,94256,1.7,98.3,17.59,18.98,0.2,0.47
2021-07-22,100719,1530,99189,1.52,98.48,17.05,18.7,0.22,0.41
2021-07-21,95324,1499,93825,1.57,98.43,17.41,18.37,0.21,0.51
2021-07-20,89336,1194,88142,1.34,98.66,16.65,18.17,0.22,0.72
2021-07-19,86006,1512,84494,1.76,98.24,17.27,18.48,0.21,0.31
2021-07-18,74185,1104,73081,1.49,98.51,16.4,19.18,0.23,0.48
2021-07-17,92573,1438,91135,1.55,98.45,16.7,18.12,0.22,0.55
2021-07-16,99746,1682,98064,1.69,98.31,16.73,18.63,0.2,0.41
2021-07-15,102775,1687,101088,1.64,98.36,17.08,18.81,0.19,0.27
2021-07-14,101780,1630,100150,1.6,98.4,16.56,18.18,0.23,0.39
2021-07-13,94110,1621,92489,1.72,98.28,16.83,18.2,0.22,0.33
2021-07-12,82089,1504,80585,1.83,98.17,16.7,18.3,0.2,0.44
2021-07-11,72976,1093,71883,1.5,98.5,16.82,18.9,0.23,0.37
2021-07-10,91238,1467,89771,1.61,98.39,16.64,18.27,0.22,0.62
2021-07-09,90768,1575,89193,1.74,98.26,16.89,18.55,0.2,0.57
2021-07-08,91612,1533,90079,1.67,98.33,17.62,18.56,0.19,0.34
2021-07-07,94446,1641,92805,1.74,98.26,16.91,18.13,0.2,0.49
2021-07-06,86924,1624,85300,1.87,98.13,17.11,17.83,0.2,0.46
2021-07-05,61888,1154,60734,1.86,98.14,16.96,19.06,0.25,0.74
2021-07-04,58317,994,57323,1.7,98.3,17.0,18.87,0.26,0.56
2021-07-03,69115,1285,67830,1.86,98.14,15.87,17.74,0.23,0.54
2021-07-02,84615,1767,82848,2.09,97.91,16.76,18.19,0.21,0.74
2021-07-01,90923,1660,89263,1.83,98.17,16.96,18.59,0.21,0.66
2021-06-30,99230,1641,97589,1.65,98.35,17.64,17.95,0.21,0.35
2021-06-29,98469,1632,96837,1.66,98.34,17.34,17.84,0.2,0.36
2021-06-28,88615,1590,87025,1.79,98.21,16.45,18.03,0.21,0.39
2021-06-27,74454,1283,73171,1.72,98.28,16.66,19.04,0.23,0.32
2021-06-26,96479,1694,94785,1.76,98.24,16.77,18.34,0.21,0.56
2021-06-25,100560,1912,98648,1.9,98.1,17.56,18.73,0.21,0.31
2021-06-24,101949,1806,100143,1.77,98.23,17.64,18.75,0.19,0.79
2021-06-23,100656,1735,98921,1.72,98.28,17.79,18.47,0.2,0.34
2021-06-22,96791,1634,95157,1.69,98.31,17.21,18.25,0.2,1.12
2021-06-21,88236,1549,86687,1.76,98.24,16.89,18.06,0.21,0.36
2021-06-20,75639,1273,74366,1.68,98.32,15.82,18.49,0.24,0.52
2021-06-19,94426,1585,92841,1.68,98.32,16.66,17.88,0.21,2.53
2021-06-18,96118,1673,94445,1.74,98.26,17.43,18.97,0.18,0.53
2021-06-17,100519,1895,98624,1.89,98.11,17.85,19.0,0.19,0.42
2021-06-16,100127,1737,98390,1.73,98.27,17.7,18.26,0.19,0.59
2021-06-15,95824,1672,94152,1.74,98.26,17.29,18.23,0.21,0.72
2021-06-14,84580,1572,83008,1.86,98.14,16.93,18.1,0.2,0.34
2021-06-13,71490,1186,70304,1.66,98.34,16.62,18.76,0.23,0.42
2021-06-12,92187,1555,90632,1.69,98.31,17.11,18.04,0.21,0.43
2021-06-11,95944,1748,94196,1.82,98.18,17.53,18.39,0.19,0.47
2021-06-10,101690,1767,99923,1.74,98.26,17.48,18.34,0.21,0.65
2021-06-09,97442,1710,95732,1.75,98.25,17.03,17.98,0.19,0.25
2021-06-08,92629,1595,91034,1.72,98.28,16.98,18.04,0.18,0.37
2021-06-07,86583,1606,84977,1.85,98.15,17.1,17.92,0.2,0.32
2021-06-06,75029,1123,73906,1.5,98.5,16.49,18.37,0.23,0.41
2021-06-05,96011,1647,94364,1.72,98.28,16.48,17.75,0.2,0.73
2021-06-04,93331,1781,91550,1.91,98.09,17.39,18.3,0.2,0.34
2021-06-03,94380,1795,92585,1.9,98.1,17.23,18.0,0.23,0.33
2021-06-02,90518,1762,88756,1.95,98.05,17.82,18.1,0.22,0.27
2021-06-01,83726,1714,82012,2.05,97.95,17.14,18.18,0.2,0.51
2021-05-31,54672,1265,53407,2.31,97.69,16.44,18.82,0.24,0.68
2021-05-30,52877,991,51886,1.87,98.13,16.11,17.84,0.25,0.6
2021-05-29,63443,1381,62062,2.18,97.82,16.09,17.19,0.23,0.69
2021-05-28,85654,1811,83843,2.11,97.89,16.94,18.18,1.73,0.69
2021-05-27,90181,1809,88372,2.01,97.99,17.3,18.43,0.19,0.56
2021-05-26,91318,1726,89592,1.89,98.11,17.86,18.1,0.19,0.25
2021-05-25,86804,1620,85184,1.87,98.13,17.49,17.94,0.19,0.3
2021-05-24,79127,1481,77646,1.87,98.13,17.43,17.78,0.21,0.64
2021-05-23,69451,1188,68263,1.71,98.29,16.22,18.07,0.23,0.37
2021-05-22,91752,1640,90112,1.79,98.21,16.54,17.59,0.21,0.35
2021-05-21,92757,1703,91054,1.84,98.16,17.56,18.16,0.26,0.51
2021-05-20,90641,1638,89003,1.81,98.19,17.3,18.31,0.19,0.58
2021-05-19,88989,1681,87308,1.89,98.11,17.99,17.99,0.19,0.31
2021-05-18,82844,1452,81392,1.75,98.25,17.72,17.59,0.2,0.56
2021-05-17,72200,1495,70705,2.07,97.93,16.84,17.64,0.21,0.3
2021-05-16,64491,1140,63351,1.77,98.23,16.39,18.35,0.29,1.36
2021-05-15,87284,1463,85821,1.68,98.32,16.28,17.75,0.21,0.75
2021-05-14,90482,1570,88912,1.74,98.26,17.24,18.24,0.19,0.36
2021-05-13,80331,1202,79129,1.5,98.5,17.77,18.06,0.2,0.52
2021-05-12,85214,1512,83702,1.77,98.23,17.24,17.86,0.2,0.51
2021-05-11,81868,1427,80441,1.74,98.26,17.56,17.86,0.19,0.76
2021-05-10,72564,1413,71151,1.95,98.05,17.77,17.9,0.22,0.35
2021-05-09,62661,1104,61557,1.76,98.24,15.62,17.93,0.24,0.47
2021-05-08,78585,1302,77283,1.66,98.34,16.12,17.12,0.22,0.46
2021-05-07,90448,1597,88851,1.77,98.23,17.56,18.08,0.2,1.54
2021-05-06,86672,1572,85100,1.81,98.19,17.32,18.08,0.19,0.83
2021-05-05,85452,1448,84004,1.69,98.31,16.91,17.55,0.19,0.43
2021-05-04,79174,1364,77810,1.72,98.28,17.7,17.51,0.2,0.47
2021-05-03,73544,1421,72123,1.93,98.07,17.27,17.7,0.21,1.28
2021-05-02,59302,1018,58284,1.72,98.28,16.97,17.98,0.24,0.49
2021-05-01,79209,1320,77889,1.67,98.33,16.41,17.29,0.24,0.77
2021-04-30,87382,1538,85844,1.76,98.24,17.53,17.91,0.25,0.34
2021-04-29,80395,1465,78930,1.82,98.18,17.84,17.91,0.2,0.33
2021-04-28,82046,1588,80458,1.94,98.06,17.36,17.69,2.76,1.38
2021-04-27,75013,1395,73618,1.86,98.14,17.49,17.57,0.2,0.54
2021-04-26,68565,1361,67204,1.98,98.02,17.5,17.79,0.2,0.61
2021-04-25,47959,917,47042,1.91,98.09,16.73,17.81,0.24,0.52
2021-04-24,77501,1324,76177,1.71,98.29,16.55,17.47,0.21,0.8
2021-04-23,82948,1534,81414,1.85,98.15,17.49,17.73,0.2,0.6
2021-04-22,82814,1580,81234,1.91,98.09,17.07,17.39,0.2,0.67
2021-04-21,77962,1473,76489,1.89,98.11,17.18,17.37,0.31,0.82
2021-04-20,77030,1395,75635,1.81,98.19,18.47,17.77,0.21,0.49
2021-04-19,66066,1282,64784,1.94,98.06,17.21,17.61,0.21,0.52
2021-04-18,52715,989,51726,1.88,98.12,16.23,17.83,0.24,0.46
2021-04-17,72856,1280,71576,1.76,98.24,16.35,17.21,0.23,0.44
2021-04-16,80812,1475,79337,1.83,98.17,17.51,17.87,0.21,0.39
2021-04-15,78847,1460,77387,1.85,98.15,17.2,17.55,0.2,0.45
2021-04-14,75785,1502,74283,1.98,98.02,18.02,17.52,0.21,0.53
2021-04-13,72547,1362,71185,1.88,98.12,17.4,17.71,0.21,2.28
2021-04-12,68439,1343,67096,1.96,98.04,17.53,17.47,0.2,0.39
2021-04-11,46230,810,45420,1.75,98.25,16.04,17.46,0.24,0.3
2021-04-10,67382,1318,66064,1.96,98.04,16.89,17.17,0.3,0.32
2021-04-09,77241,1528,75713,1.98,98.02,17.15,17.75,0.19,0.58
2021-04-08,76088,1554,74534,2.04,97.96,17.61,17.85,0.29,0.53
2021-04-07,73265,1418,71847,1.94,98.06,16.71,17.63,0.2,0.4
2021-04-06,69211,1480,67731,2.14,97.86,17.0,17.75,0.21,0.28
2021-04-05,61418,1255,60163,2.04,97.96,18.13,17.87,0.21,0.46
2021-04-04,45071,900,44171,2.0,98.0,17.14,18.0,0.25,0.55
2021-04-03,60856,1221,59635,2.01,97.99,16.7,17.02,0.23,0.37
2021-04-02,71041,1397,69644,1.97,98.03,16.42,17.16,0.21,0.27
2021-04-01,71312,1516,69796,2.13,97.87,17.07,17.34,0.21,0.5
2021-03-31,66529,1425,65104,2.14,97.86,16.28,17.31,0.21,0.26
2021-03-30,65524,1347,64177,2.06,97.94,17.14,17.5,0.22,0.27
2021-03-29,57150,1168,55982,2.04,97.96,17.15,17.33,0.23,0.35
2021-03-28,39352,791,38561,2.01,97.99,16.83,17.48,0.24,0.33
2021-03-27,66311,1251,65060,1.89,98.11,15.99,17.23,0.24,0.26
2021-03-26,72160,1405,70755,1.95,98.05,16.85,17.59,0.26,0.34
2021-03-25,68568,1384,67184,2.02,97.98,17.48,17.33,0.21,0.26
2021-03-24,67628,1348,66280,1.99,98.01,16.62,17.05,0.2,0.29
2021-03-23,62463,1245,61218,1.99,98.01,16.83,17.2,0.2,0.3
2021-03-22,58691,1237,57454,2.11,97.89,17.26,17.41,0.33,0.38
2021-03-21,44029,935,43094,2.12,97.88,15.64,17.68,0.47,0.32
2021-03-20,60517,1292,59225,2.13,97.87,16.64,16.93,0.38,0.36
2021-03-19,73213,1402,71811,1.91,98.09,17.25,17.1,0.2,0.26
2021-03-18,70484,1369,69115,1.94,98.06,16.85,17.11,0.25,0.28
2021-03-17,70329,1323,69006,1.88,98.12,16.71,16.85,0.28,0.38
2021-03-16,64489,1242,63247,1.93,98.07,16.44,17.03,0.21,0.31
2021-03-15,60396,1221,59175,2.02,97.98,17.32,16.9,0.22,0.45
2021-03-14,42849,790,42059,1.84,98.16,15.64,16.99,0.28,0.33
2021-03-13,60029,1157,58872,1.93,98.07,16.44,16.71,0.26,0.28
2021-03-12,70523,1367,69156,1.94,98.06,17.02,17.45,0.2,0.29
2021-03-11,67279,1406,65873,2.09,97.91,17.49,17.27,0.2,0.27
2021-03-10,63759,1476,62283,2.31,97.69,17.22,17.18,0.21,0.39
2021-03-09,61294,1390,59904,2.27,97.73,17.46,17.1,0.21,0.52
2021-03-08,55365,1315,54050,2.38,97.62,17.05,17.27,0.22,0.49
2021-03-07,38153,870,37283,2.28,97.72,15.32,17.31,0.23,0.39
2021-03-06,54432,1267,53165,2.33,97.67,15.71,16.41,0.23,0.48
2021-03-05,68590,1484,67106,2.16,97.84,16.79,17.12,0.2,0.28
2021-03-04,66295,1428,64867,2.15,97.85,16.57,16.92,0.2,0.44
2021-03-03,62344,1362,60982,2.18,97.82,17.4,17.04,0.2,0.35
2021-03-02,61003,1305,59698,2.14,97.86,16.67,16.82,0.2,0.36
2021-03-01,53874,1211,52663,2.25,97.75,17.41,17.12,0.21,0.86
2021-02-28,36898,910,35988,2.47,97.53,15.67,17.04,0.23,0.41
2021-02-27,48323,1141,47182,2.36,97.64,15.92,16.52,0.22,0.32
2021-02-26,64022,1509,62513,2.36,97.64,17.5,17.2,0.19,0.4
2021-02-25,61171,1406,59765,2.3,97.7,17.82,17.51,0.19,0.31
2021-02-24,59090,1383,57707,2.34,97.66,17.4,17.24,0.2,0.46
2021-02-23,56363,1279,55084,2.27,97.73,17.55,17.12,0.2,0.28
2021-02-22,49943,1194,48749,2.39,97.61,16.86,17.08,0.22,0.32
2021-02-21,36407,891,35516,2.45,97.55,16.59,16.97,0.24,0.32
2021-02-20,50702,1192,49510,2.35,97.65,15.37,16.38,0.24,0.39
2021-02-19,52385,1285,51100,2.45,97.55,16.74,16.49,0.25,0.29
2021-02-18,37408,768,36640,2.05,97.95,16.22,16.59,0.33,0.32
2021-02-17,59271,1353,57918,2.28,97.72,17.84,17.21,0.2,0.32
2021-02-16,50432,1254,49178,2.49,97.51,17.44,17.26,0.25,0.4
2021-02-15,39710,1083,38627,2.73,97.27,15.72,16.52,0.23,0.38
2021-02-14,38999,935,38064,2.4,97.6,16.07,16.79,0.23,0.29
2021-02-13,47851,1256,46595,2.62,97.38,17.07,16.41,0.24,0.48
2021-02-12,62800,1574,61226,2.51,97.49,17.49,17.33,0.19,0.3
2021-02-11,57969,1379,56590,2.38,97.62,18.04,17.19,0.2,0.26
2021-02-10,57152,1429,55723,2.5,97.5,17.69,17.41,0.25,0.33
2021-02-09,51922,1270,50652,2.45,97.55,17.31,17.08,0.23,0.31
2021-02-08,50874,1294,49580,2.54,97.46,17.64,17.14,0.21,0.44
2021-02-07,26895,569,26326,2.12,97.88,15.68,16.76,0.25,0.68
2021-02-06,49388,1238,48150,2.51,97.49,16.36,16.59,0.21,0.32
2021-02-05,56927,1446,55481,2.54,97.46,17.8,17.51,0.19,0.27
2021-02-04,58346,1310,57036,2.25,97.75,17.9,18.25,0.18,0.27
2021-02-03,54549,1190,53359,2.18,97.82,16.9,17.57,0.21,0.26
2021-02-02,28527,698,27829,2.45,97.55,15.65,16.42,0.22,0.39
2021-02-01,6347,115,6232,1.81,98.19,15.81,17.8,0.2,0.63
2021-01-31,30746,847,29899,2.75,97.25,15.61,16.56,0.23,0.5
2021-01-30,38783,1094,37689,2.82,97.18,16.02,16.22,0.23,0.34
2021-01-29,54214,1453,52761,2.68,97.32,16.46,16.67,0.2,0.52
2021-01-28,56110,1478,54632,2.63,97.37,16.24,16.76,0.2,0.74
2021-01-27,52264,1373,50891,2.63,97.37,17.01,16.68,0.21,0.26
2021-01-26,47451,1191,46260,2.51,97.49,16.71,16.5,0.22,0.33
2021-01-25,46733,1208,45525,2.58,97.42,16.89,16.77,0.22,0.26
2021-01-24,30581,815,29766,2.67,97.33,16.06,17.0,0.25,0.37
2021-01-23,41733,1204,40529,2.89,97.11,15.98,16.14,0.28,0.36
2021-01-22,53719,1428,52291,2.66,97.34,16.76,16.8,0.2,0.27
2021-01-21,52896,1374,51522,2.6,97.4,16.61,17.0,0.21,0.25
2021-01-20,49077,1254,47823,2.56,97.44,16.56,16.53,0.23,0.43
2021-01-19,50426,1315,49111,2.61,97.39,16.61,16.88,0.23,0.33
2021-01-18,36483,905,35578,2.48,97.52,16.4,16.76,0.24,0.29
2021-01-17,31419,781,30638,2.49,97.51,16.33,17.22,0.32,0.42
2021-01-16,38312,1143,37169,2.98,97.02,15.86,16.63,0.23,0.7
2021-01-15,52269,1382,50887,2.64,97.36,17.18,16.97,0.33,0.28
2021-01-14,52290,1411,50879,2.7,97.3,17.15,16.9,0.23,0.31
2021-01-13,50688,1334,49354,2.63,97.37,16.29,16.59,0.21,0.41
2021-01-12,49538,1365,48173,2.76,97.24,17.09,16.83,0.23,0.27
2021-01-11,46250,1387,44863,3.0,97.0,16.36,16.86,0.22,0.48
2021-01-10,29252,840,28412,2.87,97.13,14.71,17.45,0.23,0.56
2021-01-09,39253,1136,38117,2.89,97.11,15.98,16.63,0.23,0.49
2021-01-08,49820,1400,48420,2.81,97.19,16.55,16.74,8.56,0.29
2021-01-07,49470,1301,48169,2.63,97.37,17.12,16.98,0.24,0.31
2021-01-06,48778,1378,47400,2.83,97.17,16.13,16.78,0.22,0.46
2021-01-05,46084,1278,44806,2.77,97.23,16.02,17.03,0.22,0.39
2021-01-04,43716,1322,42394,3.02,96.98,16.14,17.45,0.22,0.35
2021-01-03,25409,716,24693,2.82,97.18,15.72,18.77,0.25,0.62
2021-01-02,33717,1113,32604,3.3,96.7,15.26,17.93,0.26,0.34
2021-01-01,23976,535,23441,2.23,97.77,16.22,17.96,0.26,0.41